student_id,gpa,attendance,semester,prev_gpa,failed_courses,feedback_engagement,late_assignments,forum_participation,meeting_attendance,study_group,days_active,clicks_per_week,assessments_submitted,previous_attempts,studied_credits,dropout,risk_score,risk_category
S1179,2.08,59.15,1,1.88,3,37.54,80.35,0,30.69,0,2,8,3,2,13,1,89,Extreme Risk
S0866,2.25,66.59,3,2.36,3,38.24,36.83,0,51.38,0,3,8,5,0,22,0,79,Extreme Risk
S0102,3.36,96.56,2,2.8,0,74.77,7.03,7,85.65,2,7,34,10,0,25,0,10,Low Risk
S0440,3.12,87.76,4,2.7,0,72.19,32.88,3,67.19,2,5,16,8,0,33,1,22,Low Risk
S0059,3.13,96.04,4,3.49,0,88.32,4.33,8,87.65,3,5,30,10,0,15,0,7,Low Risk
S1121,2.05,56.8,8,1.48,4,13.43,54.45,2,27.18,0,3,6,3,2,9,1,88,Extreme Risk
S0324,3.36,86.75,3,3.09,0,71.32,10.4,6,83.87,2,6,35,8,0,31,0,10,Low Risk
S0975,1.8,64.4,1,1.5,1,50.89,31.32,3,39.76,0,2,10,5,1,15,1,75,Extreme Risk
S0412,3.75,90.45,4,3.23,0,88.04,5.09,7,95.13,3,6,20,8,0,39,0,10,Low Risk
S0856,1.8,75.49,3,2.65,2,47.09,51.92,3,47.1,1,2,9,6,1,24,0,78,Extreme Risk
S0821,2.2,60.12,2,2.3,2,57.08,54.06,1,44.1,1,3,16,4,1,24,1,70,High Risk
S0045,3.37,91.22,1,3.67,0,72.26,10.38,8,99.99,3,5,42,8,0,35,0,12,Low Risk
S0050,3.06,93.69,3,3.12,0,73.87,1.92,10,85.01,2,5,22,10,0,32,0,7,Low Risk
S0850,2.04,72.71,5,2.08,2,34.48,41.73,1,56.2,0,2,11,5,1,21,0,78,Extreme Risk
S0241,3.16,99.34,6,3.52,0,78.47,14.26,8,92.98,2,5,22,9,0,33,0,12,Low Risk
S0171,3.37,88.9,1,3.12,0,99.39,2.17,10,79.95,2,7,38,8,0,35,0,5,Low Risk
S0524,2.95,81.34,5,2.88,1,50.25,18.9,5,61.71,1,6,16,8,1,23,0,38,Moderate Risk
S0766,2.95,84.6,3,2.33,1,60.22,31.47,4,57.88,1,4,18,8,0,29,0,48,Moderate Risk
S0839,2.05,63.69,8,2.21,2,41.06,31.65,3,64.98,1,3,14,3,1,22,1,73,High Risk
S0424,2.69,84.25,1,2.71,0,70.85,17.36,5,68.69,2,5,11,7,0,13,0,30,Moderate Risk
S0381,3.37,93.47,2,3.6,0,94.48,0.28,8,93.0,1,7,35,10,0,28,0,5,Low Risk
S0610,2.61,83.77,8,2.95,1,72.07,25.56,5,67.82,2,4,22,5,0,34,1,40,Moderate Risk
S0677,3.2,71.84,4,2.65,0,62.56,31.97,5,75.85,1,4,21,6,0,30,0,41,Moderate Risk
S0345,3.0,98.76,4,3.62,0,95.55,14.87,9,88.14,2,5,20,8,0,18,0,12,Low Risk
S0110,3.51,86.86,3,3.34,0,98.09,0.78,4,92.73,3,6,47,9,0,34,0,5,Low Risk
S0278,3.08,90.26,8,3.09,0,91.2,5.62,7,93.07,2,7,46,9,0,25,0,10,Low Risk
S0678,2.82,79.77,5,2.52,0,70.22,31.01,3,67.62,2,5,20,8,0,16,0,35,Moderate Risk
S0571,2.73,85.83,2,2.29,0,69.14,16.4,2,63.11,2,6,11,6,0,18,1,25,Moderate Risk
S0359,3.46,86.19,3,3.72,0,74.45,2.58,8,78.59,1,7,50,8,0,31,0,5,Low Risk
S0599,2.87,83.85,2,2.6,1,57.13,19.78,3,74.6,1,5,18,6,0,29,0,40,Moderate Risk
S0391,3.42,94.47,8,3.36,0,88.89,12.95,5,94.39,1,6,39,8,0,27,0,10,Low Risk
S0894,2.39,73.72,5,2.0,2,58.51,54.97,0,59.41,0,4,9,6,1,18,0,70,High Risk
S0693,2.73,86.98,7,3.14,0,57.31,30.97,2,56.23,1,5,13,6,0,13,0,32,Moderate Risk
S0728,3.14,83.06,2,2.22,1,62.47,34.78,4,59.56,2,5,12,7,0,17,1,38,Moderate Risk
S0363,3.65,90.75,5,3.36,0,95.06,2.95,6,95.66,2,5,21,8,0,38,0,7,Low Risk
S0597,2.71,71.46,5,2.58,0,66.97,23.42,2,78.95,2,6,17,7,0,34,0,38,Moderate Risk
S0428,2.58,70.63,6,2.88,1,60.16,32.6,2,59.8,1,4,14,6,0,21,0,55,High Risk
S0071,3.18,88.3,2,3.57,0,75.34,14.42,4,88.93,3,7,48,8,0,21,0,10,Low Risk
S0322,3.48,90.38,5,3.21,0,76.64,5.71,8,89.41,2,5,36,10,0,35,0,12,Low Risk
S0653,2.91,78.05,4,2.69,1,51.77,18.79,2,75.91,2,4,17,6,0,20,0,43,Moderate Risk
S1066,2.29,73.23,4,2.25,1,40.31,48.12,2,51.88,0,4,7,4,1,20,1,66,High Risk
S0108,3.21,86.54,6,3.43,0,84.97,9.27,7,83.65,2,6,47,8,0,16,0,10,Low Risk
S1109,1.0,47.56,3,1.39,3,28.75,54.8,1,25.11,0,0,3,2,2,9,1,100,Extreme Risk
S0356,3.4,86.6,6,3.08,0,82.02,1.73,4,85.37,1,7,40,9,0,34,0,5,Low Risk
S0951,1.97,62.46,4,1.72,2,43.62,35.3,0,43.77,0,4,10,6,1,24,0,80,Extreme Risk
S0343,3.31,98.93,8,2.8,0,70.84,9.34,4,81.46,1,6,20,10,0,18,0,10,Low Risk
S0355,3.83,91.81,3,3.13,0,86.51,11.85,5,89.61,3,6,44,9,0,33,0,10,Low Risk
S0024,3.57,95.53,8,3.64,0,96.6,0.41,5,77.35,2,6,38,8,0,40,0,5,Low Risk
S0044,3.44,87.47,8,3.61,0,94.32,14.81,4,84.42,2,5,41,10,0,31,0,12,Low Risk
S0244,3.72,92.73,1,3.16,0,78.47,6.38,8,84.8,2,5,44,8,0,39,0,12,Low Risk
S0738,2.81,76.15,2,2.85,1,61.21,23.93,3,75.33,2,6,22,8,0,24,0,38,Moderate Risk
S1136,2.2,51.32,8,1.44,3,41.1,69.62,0,48.18,0,3,11,2,1,8,1,84,Extreme Risk
S0368,3.26,87.55,1,3.23,0,92.7,10.21,7,83.95,3,7,24,10,0,39,0,10,Low Risk
S0164,3.54,96.19,2,3.05,0,93.66,7.76,8,78.69,1,7,20,9,0,34,0,10,Low Risk
S1116,1.89,50.25,8,2.15,3,28.8,65.39,1,24.22,0,0,9,0,2,20,1,100,Extreme Risk
S0333,3.2,85.6,4,3.6,0,86.99,0.09,5,81.88,2,7,27,10,0,29,0,5,Low Risk
S0989,2.28,71.47,4,1.5,2,31.08,38.04,1,60.41,0,4,8,6,1,19,1,73,High Risk
S1173,1.68,41.51,8,2.2,3,43.5,81.46,1,45.87,0,1,11,3,3,16,1,96,Extreme Risk
S1002,2.07,61.31,4,2.42,3,32.43,37.91,2,50.24,0,2,5,5,1,15,0,84,Extreme Risk
S0378,3.57,98.45,4,2.8,0,84.84,1.83,5,97.27,2,7,42,10,0,39,0,5,Low Risk
S0310,3.62,90.81,2,3.33,0,92.48,6.47,4,82.07,2,5,40,10,0,16,0,12,Low Risk
S0156,4.0,99.15,6,2.97,0,90.28,7.44,4,91.15,1,6,42,10,0,31,0,10,Low Risk
S0211,3.72,99.71,2,3.37,0,88.06,8.87,10,98.9,1,5,27,8,0,31,0,12,Low Risk
S0087,3.08,98.87,2,3.62,0,93.86,11.18,7,96.11,1,6,26,8,0,28,0,10,Low Risk
S0169,3.14,98.59,8,3.05,0,81.14,6.43,4,94.42,1,5,23,10,0,34,0,12,Low Risk
S0995,2.04,63.06,4,1.55,3,33.84,48.88,0,36.64,0,4,17,6,1,24,0,79,Extreme Risk
S0052,3.03,86.38,7,2.95,0,72.45,13.1,10,84.43,1,5,27,8,0,17,0,12,Low Risk
S0439,3.08,71.43,1,2.8,1,53.36,24.35,2,78.4,1,6,13,6,0,25,0,38,Moderate Risk
S0550,2.32,71.91,3,2.12,0,74.2,33.29,2,72.98,1,5,18,6,0,21,0,50,High Risk
S0491,2.71,87.29,8,2.56,1,55.84,27.78,3,63.0,1,5,10,6,1,16,0,34,Moderate Risk
S0426,3.06,82.33,6,2.62,0,68.94,20.64,2,57.39,1,4,17,6,1,16,0,29,Moderate Risk
S0136,3.77,95.04,4,3.24,0,86.2,13.2,5,92.0,1,6,22,9,0,20,0,10,Low Risk
S1192,1.36,42.74,8,1.33,4,25.66,80.58,2,36.33,0,1,0,1,2,17,1,100,Extreme Risk
S0055,3.42,88.5,5,3.04,0,90.37,11.84,8,86.99,2,6,21,10,0,22,0,10,Low Risk
S0079,3.59,91.33,2,2.94,0,75.15,4.08,6,95.56,2,6,23,8,0,20,0,5,Low Risk
S0431,2.64,84.93,5,2.83,2,54.67,23.91,2,71.92,1,5,15,8,0,18,0,47,Moderate Risk
S0185,3.48,93.41,3,3.5,0,81.39,3.4,8,88.67,1,6,50,9,0,34,0,5,Low Risk
S0057,3.26,87.41,3,3.11,0,94.18,0.83,4,77.01,2,5,23,10,0,20,0,7,Low Risk
S0943,1.8,68.7,2,1.97,1,43.91,49.37,0,42.56,0,2,12,6,0,10,0,78,Extreme Risk
S0851,2.12,71.35,4,1.82,3,53.26,44.36,3,42.78,0,2,6,5,1,21,1,81,Extreme Risk
S1164,1.19,46.92,7,1.94,2,42.8,70.52,0,33.98,0,1,5,0,1,16,1,90,Extreme Risk
S0219,3.07,93.45,4,3.0,0,93.26,4.07,10,78.97,3,6,50,10,0,23,0,5,Low Risk
S0845,2.35,64.02,4,1.75,1,58.37,53.14,0,56.07,0,3,6,3,1,11,0,63,High Risk
S0114,4.0,92.71,1,3.4,0,91.76,7.3,5,89.94,2,7,29,10,0,33,0,10,Low Risk
S0549,2.83,87.38,6,2.61,0,51.5,25.35,5,71.9,1,5,22,7,0,19,1,27,Moderate Risk
S1019,2.39,70.08,8,1.59,3,38.73,43.02,1,41.07,0,3,10,4,1,22,0,79,Extreme Risk
S1073,2.57,64.21,5,2.62,2,44.05,52.21,1,64.32,0,3,16,4,1,23,1,65,High Risk
S0175,3.87,96.31,7,3.38,0,96.33,13.19,7,81.39,3,6,47,9,0,31,0,10,Low Risk
S1023,2.41,68.0,2,2.0,1,43.36,47.81,0,47.13,1,2,7,4,0,18,0,71,High Risk
S0616,2.86,75.45,1,2.38,0,61.14,31.31,4,65.63,0,4,23,6,1,29,1,41,Moderate Risk
S0514,2.65,87.64,1,2.5,0,74.98,18.51,4,55.94,1,5,23,8,0,20,0,24,Low Risk
S0462,2.38,86.88,8,2.66,0,63.76,18.85,2,61.36,1,4,17,8,0,25,0,38,Moderate Risk
S0287,3.09,85.34,3,3.23,0,82.18,0.21,7,91.36,1,6,50,9,0,38,0,5,Low Risk
S0382,3.0,98.68,1,2.98,0,79.38,6.16,10,90.51,3,5,42,8,0,28,0,12,Low Risk
S1008,2.54,76.78,2,1.9,2,42.64,51.35,2,45.59,0,2,8,4,2,17,1,63,High Risk
S0671,3.01,80.55,5,2.58,0,71.48,26.9,5,67.84,2,5,16,8,0,27,1,23,Low Risk
S0535,3.09,79.89,5,2.52,1,65.98,21.76,5,70.24,0,5,21,6,1,14,0,33,Moderate Risk
S0910,1.89,75.29,1,1.97,1,38.94,44.01,1,52.99,0,4,13,5,1,22,0,66,High Risk
S0293,3.76,94.64,6,3.39,0,87.79,5.32,9,92.57,1,6,49,8,0,34,0,10,Low Risk
S0124,3.0,98.0,1,3.58,0,93.47,8.51,4,77.73,2,6,33,9,0,33,0,10,Low Risk
S0583,2.3,87.31,6,2.8,0,62.32,18.21,3,77.39,1,6,22,6,0,28,0,33,Moderate Risk
S0141,3.51,93.5,4,3.72,0,97.92,1.75,5,90.7,2,6,49,9,0,20,0,5,Low Risk
S0736,3.07,84.81,7,2.52,0,66.54,34.99,5,62.41,1,5,15,8,0,17,0,31,Moderate Risk
S0082,3.65,95.82,8,3.26,0,84.28,9.96,9,78.38,2,6,23,10,0,34,0,10,Low Risk
S0882,2.53,70.38,7,1.5,3,50.27,36.24,1,57.83,0,2,17,5,2,25,0,73,High Risk
S0740,2.57,71.48,6,2.68,0,52.49,22.27,4,62.4,1,4,15,8,0,16,0,43,Moderate Risk
S1102,1.68,48.38,8,2.07,2,15.75,54.57,1,34.46,0,1,10,1,3,11,1,94,Extreme Risk
S0909,2.09,68.53,2,2.71,2,54.77,53.42,0,61.59,0,3,5,6,1,21,0,70,High Risk
S1167,2.3,54.3,1,1.6,4,10.37,80.16,1,26.43,0,2,8,4,2,15,1,93,Extreme Risk
S0937,1.83,75.08,7,2.1,2,39.89,39.77,0,59.47,1,4,7,4,2,13,1,73,High Risk
S0372,3.55,90.01,7,3.14,0,91.95,5.58,7,95.1,3,5,24,9,0,17,0,12,Low Risk
S0890,2.28,69.27,1,2.14,2,37.73,53.07,2,60.09,1,3,15,3,2,18,0,73,High Risk
S0157,3.49,94.54,6,2.8,0,95.26,10.93,10,79.51,1,6,41,10,0,39,0,10,Low Risk
S0992,2.44,67.33,3,2.01,1,34.21,39.28,3,43.24,0,2,13,4,1,22,0,71,High Risk
S0622,2.3,77.29,4,2.24,0,55.16,32.53,4,71.55,0,5,23,8,0,25,0,46,Moderate Risk
S1038,2.08,62.72,4,2.53,1,39.34,35.7,3,51.71,1,3,15,4,0,26,1,66,High Risk
S0245,3.35,95.85,8,3.13,0,79.13,4.56,6,97.07,1,6,38,10,0,18,0,5,Low Risk
S0159,3.94,98.1,7,3.49,0,83.01,2.41,5,75.23,1,5,22,8,0,18,0,7,Low Risk
S0746,3.05,78.81,7,2.54,0,52.56,16.23,4,72.18,1,5,11,7,1,21,0,26,Moderate Risk
S0193,3.0,94.16,5,3.28,0,87.73,8.06,4,75.19,1,7,39,8,0,40,0,10,Low Risk
S0534,2.55,79.03,3,2.24,0,63.11,28.04,4,68.52,2,5,21,6,0,21,0,33,Moderate Risk
S0904,2.16,62.39,4,1.5,2,38.72,36.95,1,64.8,1,4,17,5,0,13,1,73,High Risk
S1004,2.07,67.68,8,2.41,1,56.12,30.15,3,42.02,0,4,14,6,1,15,1,63,High Risk
S1070,2.47,74.98,2,1.81,3,30.46,32.68,3,46.61,1,3,5,4,1,20,0,79,Extreme Risk
S0414,3.37,88.24,4,3.8,0,81.87,9.2,7,86.88,3,5,32,9,0,38,0,12,Low Risk
S1187,1.57,48.53,2,1.96,2,12.96,51.55,1,26.3,0,3,1,4,2,14,1,89,Extreme Risk
S0328,3.48,92.51,2,3.19,0,84.52,7.71,8,97.54,1,7,50,10,0,24,0,10,Low Risk
S0129,3.17,92.29,8,3.22,0,90.1,13.94,7,88.48,1,6,37,9,0,31,0,10,Low Risk
S0695,2.67,74.3,2,2.32,1,65.39,15.26,3,75.82,0,4,22,7,0,24,0,50,High Risk
S0631,3.2,84.97,6,2.71,0,69.08,26.73,5,58.22,1,4,21,5,0,30,1,29,Moderate Risk
S0275,3.53,91.12,5,3.56,0,90.66,3.8,4,93.28,2,5,48,8,0,36,0,7,Low Risk
S1148,2.09,64.16,3,1.7,4,13.86,50.96,2,28.08,0,2,1,1,1,8,1,88,Extreme Risk
S0309,3.47,89.22,6,3.03,0,88.32,3.0,6,93.77,1,5,20,9,0,35,0,7,Low Risk
S0234,3.0,92.51,5,3.36,0,88.63,13.93,9,86.49,2,5,50,9,0,17,0,12,Low Risk
S1048,1.85,62.52,7,2.04,1,42.35,45.02,0,61.08,0,4,6,4,1,20,1,73,High Risk
S0623,2.94,72.37,8,2.33,1,65.36,31.64,5,55.83,2,4,23,6,0,26,1,55,High Risk
S0644,3.09,71.86,8,2.64,0,67.66,24.99,3,64.62,1,6,14,7,0,28,0,31,Moderate Risk
S0479,2.7,82.93,3,2.57,1,56.73,34.65,4,69.71,0,4,19,8,0,28,0,48,Moderate Risk
S0472,2.89,78.53,2,2.2,0,72.81,27.66,3,63.74,1,5,22,7,0,29,0,30,Moderate Risk
S0926,2.38,64.26,2,2.12,2,54.06,49.72,2,61.33,0,2,5,5,1,27,1,75,Extreme Risk
S1098,2.3,51.64,3,1.89,3,28.33,84.39,1,34.64,0,0,10,4,2,16,1,93,Extreme Risk
S0627,2.3,77.34,1,2.07,0,56.73,31.06,5,56.12,1,4,16,7,0,27,1,49,Moderate Risk
S0395,3.61,89.22,2,4.0,0,73.61,1.01,5,93.07,1,5,43,8,0,32,0,7,Low Risk
S0637,2.66,87.28,4,2.55,1,69.35,22.17,5,60.86,1,6,16,8,0,26,0,32,Moderate Risk
S0768,2.3,70.62,5,2.96,0,57.15,25.34,4,69.49,0,4,16,5,0,22,0,51,High Risk
S0533,2.73,72.1,3,3.02,1,72.49,30.64,4,76.74,1,4,14,6,0,29,0,52,High Risk
S0718,2.66,77.73,7,2.6,0,54.53,28.44,2,73.02,1,4,18,5,1,26,0,36,Moderate Risk
S0667,2.68,72.46,8,2.59,1,55.79,18.62,5,74.98,2,4,22,6,0,31,0,50,High Risk
S0598,2.89,79.77,2,2.27,2,56.91,30.85,3,78.66,1,5,19,5,1,31,0,52,High Risk
S0482,2.77,78.04,5,2.36,0,51.27,24.37,2,78.16,1,5,12,6,0,21,1,33,Moderate Risk
S1103,1.91,42.24,4,1.21,3,42.6,80.66,2,34.54,0,3,3,1,1,8,1,91,Extreme Risk
S0315,3.34,97.97,4,3.74,0,82.07,13.27,7,93.94,1,7,35,8,0,36,0,10,Low Risk
S0729,3.01,77.94,5,2.83,0,59.23,29.44,5,79.4,1,5,20,8,0,20,1,26,Moderate Risk
S0210,3.13,96.32,6,3.31,0,81.26,4.29,4,89.07,2,7,30,8,0,33,0,5,Low Risk
S0934,1.8,64.63,1,1.5,1,48.45,54.43,3,44.68,0,4,16,6,1,15,1,73,High Risk
S0434,2.32,76.39,8,2.57,2,71.64,26.54,3,58.79,1,5,16,6,0,20,0,52,High Risk
S0329,3.37,95.93,5,3.43,0,94.61,6.61,4,85.01,2,7,32,10,0,24,0,10,Low Risk
S0261,3.47,98.72,4,3.19,0,94.52,7.69,6,75.23,2,5,30,8,0,23,0,12,Low Risk
S1117,2.09,40.43,4,1.77,3,44.23,67.76,1,49.45,0,0,1,3,3,21,1,89,Extreme Risk
S0307,3.35,95.62,2,3.48,0,70.91,3.07,10,91.17,1,7,28,9,0,26,0,5,Low Risk
S1067,2.25,65.08,3,1.5,2,32.14,41.68,1,35.95,1,4,9,5,1,13,1,73,High Risk
S0928,2.23,63.15,1,2.1,2,34.69,53.94,3,38.88,0,2,12,3,2,24,1,78,Extreme Risk
S1025,1.94,67.4,3,1.63,3,58.27,46.77,2,60.84,1,4,16,5,0,22,1,83,Extreme Risk
S0271,3.43,87.42,1,3.82,0,82.43,10.99,6,81.04,1,7,23,9,0,23,0,10,Low Risk
S0291,3.73,94.73,2,3.62,0,92.43,12.15,4,79.48,2,6,37,10,0,31,0,10,Low Risk
S0813,2.44,72.83,8,1.5,1,54.24,34.18,0,48.27,1,2,9,6,1,15,1,68,High Risk
S0097,3.0,98.18,3,3.44,0,77.36,2.36,4,83.35,1,5,29,10,0,20,0,7,Low Risk
S0888,1.92,73.58,2,2.0,2,51.73,39.16,3,58.44,0,2,17,4,1,23,1,82,Extreme Risk
S0819,2.7,68.92,5,2.47,2,46.43,45.24,1,36.7,0,3,6,3,1,22,0,65,High Risk
S0032,3.05,95.22,6,3.77,0,78.46,1.77,8,83.71,3,5,40,8,0,39,0,7,Low Risk
S0763,2.45,74.26,1,2.48,0,53.27,28.52,5,65.73,1,6,19,5,1,22,0,46,Moderate Risk
S0954,2.12,67.26,3,1.94,3,34.73,42.91,2,64.67,1,3,9,5,1,10,0,79,Extreme Risk
S0320,3.5,97.28,2,3.25,0,70.95,11.73,10,78.61,1,5,31,8,0,37,0,12,Low Risk
S0299,3.05,94.36,8,3.31,0,96.26,6.63,10,82.66,3,6,40,9,0,23,0,10,Low Risk
S0200,3.35,97.25,6,2.85,0,90.77,6.45,6,76.94,2,6,45,9,0,26,0,10,Low Risk
S0561,2.55,77.73,1,2.85,1,59.22,32.09,2,61.02,0,5,15,6,1,26,0,45,Moderate Risk
S0179,3.5,89.8,1,3.14,0,99.52,10.02,8,83.08,3,6,50,10,0,37,0,10,Low Risk
S1132,1.97,49.17,4,1.89,2,17.78,83.33,2,41.74,0,3,0,0,2,12,1,89,Extreme Risk
S0089,3.71,98.29,2,2.85,0,82.53,6.93,5,75.53,3,5,37,10,0,21,0,12,Low Risk
S0788,2.69,74.04,4,1.5,3,55.64,51.13,0,61.66,0,3,8,6,1,25,0,68,High Risk
S0725,3.14,76.05,4,2.36,1,56.95,34.93,5,65.45,2,5,18,8,1,15,0,38,Moderate Risk
S0827,2.15,66.64,3,1.96,2,46.14,46.55,3,54.78,0,2,10,4,1,23,0,78,Extreme Risk
S0209,3.22,85.57,6,2.8,0,73.74,11.91,7,86.67,1,6,36,10,0,33,0,10,Low Risk
S1040,1.88,67.48,8,1.91,3,38.17,32.02,0,55.4,1,4,14,4,2,22,1,86,Extreme Risk
S0297,3.38,89.18,8,3.44,0,88.92,3.3,7,95.67,1,5,32,8,0,40,0,7,Low Risk
S0998,2.7,77.91,6,1.6,1,54.26,35.9,3,63.59,0,4,15,5,1,11,1,48,Moderate Risk
S0498,3.03,85.58,7,2.49,1,57.5,18.03,4,71.67,0,4,11,7,0,13,0,30,Moderate Risk
S0835,1.99,66.41,3,2.43,3,51.17,44.43,2,39.68,1,3,6,6,0,13,0,83,Extreme Risk
S0430,2.58,87.14,6,2.74,1,60.64,26.31,2,62.95,0,5,14,8,1,20,0,34,Moderate Risk
S0507,2.74,86.05,7,2.34,0,50.45,23.01,4,55.93,2,6,24,6,0,21,0,25,Moderate Risk
S0831,2.37,66.1,1,1.71,1,58.04,54.42,3,41.81,1,4,5,3,0,15,1,63,High Risk
S0694,2.77,81.83,1,2.64,1,51.53,25.51,2,55.72,1,5,23,8,0,30,0,40,Moderate Risk
S0011,3.3,98.6,1,3.04,0,82.81,12.27,4,82.62,1,7,28,9,0,19,0,10,Low Risk
S0848,2.53,66.47,7,1.98,2,45.54,52.27,2,50.99,0,3,7,5,0,20,1,65,High Risk
S0463,2.88,71.64,2,2.0,1,68.19,32.39,2,59.61,0,6,18,8,0,17,0,50,High Risk
S0199,3.78,99.87,2,3.34,0,82.66,4.43,4,77.11,1,5,40,9,0,31,0,7,Low Risk
S0060,3.18,93.23,2,2.8,0,79.67,12.15,4,78.47,1,5,30,10,0,38,0,12,Low Risk
S0907,2.48,72.07,8,2.09,1,48.78,30.76,1,44.43,1,4,17,4,2,27,0,66,High Risk
S0997,2.09,61.2,1,2.05,2,40.85,34.27,2,51.95,1,4,9,4,1,17,1,73,High Risk
S0276,3.38,90.0,1,3.67,0,85.32,12.31,4,97.06,2,5,33,9,0,39,0,12,Low Risk
S0809,2.12,77.89,2,2.8,2,38.52,52.01,1,59.43,0,2,10,3,1,22,1,71,High Risk
S0908,1.8,74.26,8,2.19,2,54.84,47.69,3,63.15,1,4,8,6,0,11,1,77,Extreme Risk
S0658,3.01,83.74,6,2.0,2,71.57,23.98,4,58.91,1,5,18,7,0,29,0,37,Moderate Risk
S0957,2.48,68.76,1,2.15,2,33.44,54.79,1,50.93,1,2,17,5,0,11,0,78,Extreme Risk
S0886,1.84,66.35,4,1.74,2,47.82,47.7,1,48.56,0,3,16,3,1,25,0,80,Extreme Risk
S0221,3.14,86.53,1,3.64,0,86.95,13.0,7,94.72,3,5,38,8,0,20,0,12,Low Risk
S0789,2.29,75.01,4,1.92,3,54.84,40.29,1,62.46,0,4,5,4,1,11,0,69,High Risk
S0712,2.74,72.85,7,3.07,1,53.39,20.83,2,74.99,1,4,22,8,1,23,0,50,High Risk
S0714,3.2,82.78,4,2.16,0,63.38,28.79,3,61.71,1,4,20,6,0,27,0,29,Moderate Risk
S1113,1.62,60.19,6,1.11,3,11.84,69.27,0,38.74,0,3,0,2,1,14,1,90,Extreme Risk
S1191,1.4,50.03,1,2.03,2,37.1,58.4,1,26.04,0,0,4,3,3,8,1,90,Extreme Risk
S0790,2.16,67.64,3,1.5,1,52.88,40.69,3,48.19,0,4,14,6,0,17,0,63,High Risk
S0416,3.86,96.55,4,3.5,0,79.28,14.05,9,76.71,3,6,37,10,0,36,0,10,Low Risk
S0899,2.35,70.11,1,1.81,1,51.3,35.22,0,55.97,1,4,8,3,1,22,0,63,High Risk
S0935,1.95,75.84,8,2.16,1,33.14,35.24,3,58.28,1,2,11,3,1,10,1,71,High Risk
S0266,3.24,91.66,1,3.56,0,87.71,6.11,6,87.28,3,7,20,10,0,17,0,10,Low Risk
S0632,2.34,86.59,5,2.62,0,56.76,31.09,2,60.28,1,5,22,7,1,33,0,40,Moderate Risk
S0248,3.54,94.48,3,3.26,0,73.08,7.71,4,79.3,3,7,43,9,0,22,0,10,Low Risk
S0683,3.2,86.7,2,2.3,1,69.61,27.96,5,67.61,1,6,15,6,0,16,1,25,Moderate Risk
S0559,2.37,75.27,6,3.14,2,63.28,22.99,4,78.33,2,5,16,6,1,24,0,55,High Risk
S1137,2.02,44.44,4,2.2,4,23.88,55.38,1,42.4,0,0,3,3,2,14,1,93,Extreme Risk
S0968,2.45,62.54,6,2.38,2,44.29,31.25,3,44.85,0,3,11,4,1,19,1,73,High Risk
S1005,2.33,63.73,2,1.72,3,37.11,47.34,1,57.02,1,2,7,4,0,26,0,84,Extreme Risk
S0985,2.29,63.89,5,1.5,1,48.1,30.78,3,53.48,0,4,11,4,0,26,1,66,High Risk
S0295,3.89,99.11,5,3.72,0,80.06,1.01,10,84.9,2,6,49,8,0,33,0,5,Low Risk
S0520,2.35,87.06,8,2.53,1,62.32,18.62,4,78.53,2,4,21,6,0,16,0,45,Moderate Risk
S0771,2.77,80.44,8,2.82,0,72.7,16.94,4,66.79,0,5,15,8,0,26,0,30,Moderate Risk
S0084,3.12,86.14,2,3.99,0,90.84,4.08,5,77.58,1,7,46,8,0,31,0,5,Low Risk
S0232,3.6,94.3,1,3.04,0,93.44,8.67,6,99.54,2,7,50,10,0,25,0,10,Low Risk
S0621,2.3,76.53,3,2.21,0,73.51,33.12,4,70.78,2,5,16,7,1,32,1,43,Moderate Risk
S0334,3.0,86.4,5,3.32,0,94.17,3.36,7,95.43,3,6,48,10,0,26,0,5,Low Risk
S0130,3.08,97.89,7,3.32,0,91.27,1.6,5,79.63,3,6,26,9,0,15,0,5,Low Risk
S1012,2.42,74.98,8,1.5,1,39.34,42.75,0,40.5,1,2,12,6,1,19,0,71,High Risk
S0645,2.3,70.94,3,2.2,0,74.67,27.39,5,75.06,1,6,16,8,1,12,0,43,Moderate Risk
S0974,2.67,72.51,3,1.64,2,40.78,37.32,0,39.87,1,4,5,3,2,10,0,65,High Risk
S0383,3.66,87.27,7,3.22,0,81.81,1.96,5,99.13,2,6,42,9,0,17,0,5,Low Risk
S0868,1.98,72.73,6,1.5,3,44.25,35.6,1,36.27,0,2,13,3,1,10,0,91,Extreme Risk
S0543,2.36,83.76,1,2.55,1,71.55,24.54,2,77.06,1,6,24,7,0,20,0,43,Moderate Risk
S1194,2.04,59.72,3,2.01,2,20.13,71.51,1,25.32,0,2,1,3,2,17,1,87,Extreme Risk
S0875,2.19,60.2,4,2.04,1,59.72,41.13,2,42.62,1,4,11,6,1,17,0,63,High Risk
S0332,3.29,98.03,4,3.15,0,97.81,3.21,4,75.24,3,7,45,9,0,39,0,5,Low Risk
S0410,3.07,96.4,7,2.86,0,85.06,8.75,10,97.02,1,7,46,10,0,19,0,10,Low Risk
S0077,3.03,90.7,7,3.06,0,94.92,5.18,9,84.07,3,7,39,9,0,36,0,10,Low Risk
S0869,2.46,65.08,1,2.53,3,34.27,47.71,0,59.07,1,2,12,4,0,18,1,84,Extreme Risk
S0139,3.17,95.07,4,3.54,0,72.67,11.33,4,90.21,2,6,48,9,0,18,0,10,Low Risk
S0544,3.2,73.14,4,2.76,0,70.92,26.45,4,66.63,0,4,12,8,0,13,1,33,Moderate Risk
S0674,2.55,74.86,3,2.55,0,52.65,15.37,2,66.76,2,4,18,5,0,14,1,43,Moderate Risk
S0921,2.7,61.72,4,1.86,3,50.36,35.8,2,43.33,0,4,14,6,1,23,1,68,High Risk
S0064,3.47,91.47,3,2.84,0,80.05,2.09,10,96.97,2,6,26,10,0,18,0,5,Low Risk
S0142,3.29,97.28,7,3.16,0,75.21,10.42,5,98.93,2,6,44,9,0,39,0,10,Low Risk
S0717,2.8,73.1,1,2.69,0,56.65,23.77,5,55.8,0,4,13,7,0,26,1,43,Moderate Risk
S0377,3.4,89.28,6,3.23,0,79.56,1.57,6,79.36,2,7,37,8,0,34,0,5,Low Risk
S0364,3.78,94.47,1,3.36,0,70.44,3.71,10,88.53,2,7,42,8,0,23,0,5,Low Risk
S0140,3.08,90.4,5,3.03,0,77.17,7.65,6,84.92,2,6,42,9,0,17,0,10,Low Risk
S0885,2.22,74.47,2,2.75,2,52.69,32.76,3,52.3,1,2,16,4,0,17,1,75,Extreme Risk
S1042,2.18,61.56,8,2.59,1,51.24,39.72,0,59.43,1,2,15,5,2,26,0,68,High Risk
S0225,3.28,94.86,3,3.44,0,89.43,11.94,10,90.19,1,7,23,9,0,17,0,10,Low Risk
S0515,2.75,71.17,8,2.72,2,63.54,27.59,3,69.55,1,6,17,7,0,21,0,52,High Risk
S0267,3.92,88.9,6,2.99,0,85.49,11.8,7,91.61,3,5,34,10,0,17,0,12,Low Risk
S1170,1.84,57.11,7,2.2,2,27.46,77.8,2,47.97,0,0,9,1,1,13,1,94,Extreme Risk
S0487,2.85,72.66,5,2.61,2,51.25,18.0,5,79.12,0,5,14,7,1,22,0,54,High Risk
S0353,3.99,88.78,6,3.29,0,74.62,14.66,6,78.39,3,7,30,10,0,18,0,10,Low Risk
S1006,1.97,71.39,8,1.5,2,44.51,48.22,3,64.73,0,3,10,4,0,15,1,80,Extreme Risk
S0618,2.46,76.02,7,2.26,1,65.76,29.99,2,67.96,1,4,21,8,0,18,0,51,High Risk
S0668,2.37,70.4,3,2.53,0,57.73,20.61,3,71.63,1,5,22,5,0,33,1,48,Moderate Risk
S0775,3.2,78.85,4,2.33,1,64.99,18.55,3,58.4,0,6,20,6,1,20,0,31,Moderate Risk
S0554,2.74,78.59,4,3.2,0,62.29,32.92,3,57.89,2,5,23,5,0,30,1,38,Moderate Risk
S0576,3.09,73.18,7,2.0,1,56.58,19.49,4,78.31,2,6,19,7,0,25,1,38,Moderate Risk
S0915,2.27,65.93,2,2.09,3,45.33,52.85,2,39.73,0,2,8,5,1,21,1,84,Extreme Risk
S0466,2.89,75.15,1,2.73,0,60.8,15.66,2,69.49,0,5,16,7,0,23,0,33,Moderate Risk
S0591,2.98,72.71,6,2.16,0,59.09,19.34,5,67.39,1,4,10,7,0,34,0,43,Moderate Risk
S0765,3.14,78.56,4,2.59,0,59.11,15.24,4,77.39,0,5,15,5,0,24,1,26,Moderate Risk
S0635,2.7,85.15,4,2.89,1,61.36,29.9,3,75.66,0,6,15,7,0,29,0,32,Moderate Risk
S0838,1.8,71.27,8,2.01,2,38.61,32.62,1,39.03,1,3,6,6,1,26,1,80,Extreme Risk
S0290,3.59,93.9,3,3.57,0,94.98,5.44,9,84.33,3,5,31,8,0,37,0,12,Low Risk
S0040,3.42,91.55,2,3.05,0,99.1,0.65,8,76.09,3,5,23,10,0,33,0,7,Low Risk
S0031,3.53,97.31,8,3.64,0,75.87,1.04,10,84.43,1,6,22,10,0,31,0,5,Low Risk
S0243,3.67,88.11,1,3.17,0,78.86,13.19,4,85.24,3,7,48,9,0,38,0,10,Low Risk
S0429,2.41,75.36,7,3.1,0,68.91,24.48,4,72.39,2,6,22,5,0,24,0,39,Moderate Risk
S0137,3.36,90.44,3,3.14,0,83.96,0.9,7,77.22,3,5,50,10,0,39,0,7,Low Risk
S1101,1.78,60.69,6,1.41,2,22.17,73.79,0,43.14,0,1,0,3,3,20,1,89,Extreme Risk
S0865,2.2,70.59,8,1.84,2,35.62,49.33,2,63.88,0,3,10,4,1,24,1,73,High Risk
S0004,3.63,94.15,8,2.97,0,97.28,3.88,7,82.79,2,6,23,9,0,32,0,5,Low Risk
S0833,2.27,73.0,2,2.19,2,36.97,52.44,1,45.33,1,2,9,6,0,19,0,78,Extreme Risk
S0603,2.54,83.2,2,2.83,0,63.56,17.96,3,62.45,1,6,21,5,0,31,0,31,Moderate Risk
S1034,2.32,66.51,5,2.03,1,39.57,51.32,2,42.49,1,3,14,4,1,21,1,66,High Risk
S0655,2.49,73.09,7,2.54,0,53.27,28.92,5,68.59,1,4,12,5,0,23,0,51,High Risk
S0844,2.09,63.46,5,2.59,2,55.75,42.02,0,53.67,1,4,11,4,2,11,1,70,High Risk
S0784,1.88,68.76,3,1.5,3,41.48,44.73,0,44.08,0,3,8,5,1,22,1,86,Extreme Risk
S1074,1.86,70.17,4,2.03,1,44.66,47.54,3,60.15,1,3,15,5,1,12,1,73,High Risk
S0443,2.71,70.26,7,2.77,1,67.21,29.97,2,79.89,0,6,16,5,1,19,0,45,Moderate Risk
S1178,2.0,51.49,7,2.2,3,10.93,52.03,2,46.68,0,2,8,2,2,21,1,93,Extreme Risk
S0436,2.91,75.31,6,2.57,2,67.43,16.66,2,79.92,1,6,14,8,1,23,0,45,Moderate Risk
S1169,1.96,40.81,8,2.03,4,15.24,78.91,0,24.33,0,1,3,4,1,17,1,100,Extreme Risk
S0101,3.63,92.1,6,3.59,0,71.37,13.07,10,99.22,2,7,39,8,0,26,0,10,Low Risk
S0773,2.68,82.19,7,2.31,1,66.93,18.98,5,55.3,1,6,17,5,0,13,0,38,Moderate Risk
S0495,2.7,74.97,1,2.19,0,67.73,15.42,4,67.23,0,6,10,5,0,13,0,38,Moderate Risk
S1028,1.8,68.21,4,1.85,3,41.88,47.96,2,63.01,0,4,16,5,1,17,1,86,Extreme Risk
S0807,1.8,68.64,2,2.11,1,53.43,51.01,3,57.4,1,2,8,6,2,25,1,75,Extreme Risk
S1142,2.13,43.77,2,1.64,2,15.31,53.22,0,25.79,0,3,9,4,2,16,1,82,Extreme Risk
S0846,2.27,71.83,2,1.55,1,41.68,40.29,0,55.05,1,3,15,6,1,23,1,66,High Risk
S0987,2.32,60.94,1,1.58,2,35.51,42.79,1,48.31,1,4,10,5,2,24,0,73,High Risk
S0228,3.38,91.96,4,3.3,0,81.93,11.43,10,94.35,2,6,31,10,0,36,0,10,Low Risk
S1193,2.26,44.94,1,2.09,3,23.11,84.64,0,28.33,0,1,4,2,2,18,1,93,Extreme Risk
S0672,2.78,77.44,6,2.39,2,64.08,22.13,5,74.3,2,4,13,7,1,31,0,50,High Risk
S0859,2.35,67.8,3,1.72,3,39.3,53.58,0,36.43,1,4,16,5,1,17,0,79,Extreme Risk
S0925,1.95,60.52,6,1.87,2,39.05,51.19,3,60.49,0,3,5,6,0,24,1,80,Extreme Risk
S0067,3.05,91.35,2,3.1,0,74.6,8.79,9,77.52,1,7,31,8,0,38,0,10,Low Risk
S0068,3.22,86.03,3,3.69,0,98.03,13.88,10,78.07,1,6,33,9,0,37,0,10,Low Risk
S0817,2.44,67.81,8,2.18,1,37.55,38.59,2,43.9,0,2,12,4,1,23,1,71,High Risk
S0212,3.0,88.61,7,3.59,0,83.45,7.66,9,80.52,2,6,41,8,0,36,0,10,Low Risk
S0013,3.08,85.55,1,3.0,0,82.33,0.5,4,90.86,2,5,31,9,0,20,0,7,Low Risk
S0494,2.77,73.07,6,2.51,0,50.88,21.46,3,62.26,0,6,10,5,1,15,0,38,Moderate Risk
S1165,1.22,48.46,2,1.34,3,19.54,50.12,1,49.66,0,2,6,1,1,9,1,100,Extreme Risk
S0300,3.24,93.21,4,2.97,0,95.87,4.71,10,78.16,2,5,27,9,0,35,0,7,Low Risk
S0411,3.99,88.93,1,3.26,0,84.67,5.27,5,88.84,1,5,43,10,0,17,0,12,Low Risk
S0757,2.76,84.27,5,2.4,0,67.85,29.72,3,59.07,1,4,19,6,0,15,0,36,Moderate Risk
S1075,2.54,65.78,5,2.41,2,36.15,52.37,2,57.87,0,3,15,6,2,16,1,65,High Risk
S0696,2.35,84.28,7,2.66,0,55.36,26.7,3,78.46,2,6,21,6,0,17,0,39,Moderate Risk
S1151,2.22,44.23,4,1.86,3,38.18,78.17,1,41.43,0,3,10,4,2,11,1,84,Extreme Risk
S0724,2.84,82.37,7,2.0,0,69.13,30.73,5,62.0,0,5,11,6,0,18,0,38,Moderate Risk
S1016,1.84,71.28,5,2.16,2,40.98,40.11,3,61.67,0,4,13,4,1,17,0,80,Extreme Risk
S0528,2.94,85.99,7,2.25,1,65.59,34.41,2,79.18,0,6,18,5,0,12,0,37,Moderate Risk
S0600,3.11,79.86,5,3.14,0,56.81,22.68,2,60.61,1,4,16,8,0,21,1,29,Moderate Risk
S1120,1.34,64.36,8,1.79,3,35.57,83.79,1,38.51,0,2,11,1,1,8,1,91,Extreme Risk
S0567,2.3,76.99,2,2.42,0,54.57,22.3,5,55.49,2,4,19,5,0,12,0,44,Moderate Risk
S0731,2.76,84.94,6,3.19,1,51.25,16.39,3,68.28,2,5,21,8,0,21,0,40,Moderate Risk
S0274,3.3,87.14,2,3.06,0,73.43,11.47,6,80.11,2,5,20,8,0,31,0,12,Low Risk
S0967,2.31,73.53,7,2.42,2,47.75,48.35,1,51.8,1,2,17,6,1,25,0,78,Extreme Risk
S0238,3.85,92.48,1,3.41,0,93.53,5.65,7,80.72,2,6,47,9,0,37,0,10,Low Risk
S0406,3.0,87.23,2,3.7,0,86.56,3.63,4,79.92,1,6,38,8,0,29,0,5,Low Risk
S0003,3.0,99.75,1,3.75,0,88.23,2.56,10,75.33,3,6,37,9,0,23,0,5,Low Risk
S0007,3.67,86.11,7,3.53,0,97.45,12.75,7,83.27,1,7,49,8,0,17,0,10,Low Risk
S0312,3.23,95.17,1,2.8,0,88.68,14.85,5,81.95,1,7,47,8,0,24,0,10,Low Risk
S1091,2.2,51.05,2,1.35,3,38.13,81.02,2,45.09,0,1,5,4,3,17,1,89,Extreme Risk
S0452,3.07,83.79,7,2.28,0,71.56,31.32,5,73.18,1,6,22,5,0,24,0,26,Moderate Risk
S0722,3.2,76.61,6,2.5,1,58.47,17.53,5,63.37,1,6,24,6,0,25,1,31,Moderate Risk
S0216,3.19,97.63,4,3.4,0,71.51,1.09,8,91.67,1,6,26,10,0,22,0,5,Low Risk
S1086,1.92,48.38,5,1.53,4,33.56,60.66,0,25.59,0,2,6,4,1,15,1,96,Extreme Risk
S0028,3.0,88.72,8,3.85,0,73.6,5.13,7,76.15,1,6,49,8,0,26,0,10,Low Risk
S1158,1.92,56.77,7,1.74,2,38.01,72.46,2,34.97,0,3,3,4,2,16,1,85,Extreme Risk
S0362,3.56,90.13,6,3.68,0,94.43,4.21,9,83.79,2,7,40,9,0,32,0,5,Low Risk
S0823,1.8,77.71,3,1.5,3,54.81,51.11,2,49.9,1,4,14,6,1,23,1,76,Extreme Risk
S0781,2.11,60.46,3,1.65,3,54.3,41.51,0,48.97,0,3,14,3,0,11,1,76,Extreme Risk
S0629,2.52,84.79,5,2.75,0,74.44,15.75,2,58.05,1,4,22,6,1,34,0,33,Moderate Risk
S0454,2.42,79.07,1,2.43,0,61.15,26.08,4,78.19,2,4,16,7,0,17,1,44,Moderate Risk
S0739,3.2,85.91,7,2.49,0,64.85,27.91,4,77.01,0,4,19,7,0,21,0,23,Low Risk
S0536,2.53,78.96,5,2.68,1,72.41,28.71,3,65.77,0,5,13,5,0,19,0,37,Moderate Risk
S1050,1.93,67.43,3,1.61,2,49.64,32.59,0,56.34,0,2,10,3,0,23,1,85,Extreme Risk
S0399,3.43,87.77,6,2.97,0,78.74,6.26,9,85.97,3,6,48,10,0,23,0,10,Low Risk
S0257,3.91,94.46,8,3.34,0,99.06,9.05,10,79.3,3,7,28,9,0,34,0,10,Low Risk
S0292,3.3,85.29,8,3.4,0,75.14,6.8,9,92.14,3,6,49,8,0,27,0,10,Low Risk
S0026,4.0,94.56,4,3.85,0,99.09,10.72,6,94.88,1,6,42,9,0,19,0,10,Low Risk
S0337,3.56,88.9,6,2.96,0,79.36,1.83,6,85.28,1,7,34,8,0,34,0,5,Low Risk
S0585,2.48,87.08,6,3.19,0,65.19,23.05,4,56.7,0,5,22,6,0,23,0,35,Moderate Risk
S0048,3.11,87.05,4,3.51,0,88.24,9.55,10,85.94,3,5,25,8,0,38,0,12,Low Risk
S0319,3.45,88.39,3,3.05,0,92.17,0.49,9,96.59,1,7,45,8,0,22,0,5,Low Risk
S0107,3.36,95.21,2,2.95,0,88.0,4.37,8,93.93,3,5,27,10,0,36,0,7,Low Risk
S0799,2.46,76.34,4,1.62,1,49.36,40.43,1,43.44,1,2,9,6,2,11,1,64,High Risk
S0056,3.84,90.68,5,3.9,0,89.38,8.56,6,99.66,2,5,40,9,0,35,0,12,Low Risk
S0523,2.58,74.71,1,2.89,1,66.45,31.48,3,74.91,1,6,11,8,0,19,0,50,High Risk
S0214,3.69,89.42,7,3.45,0,80.25,9.49,10,78.57,2,5,47,8,0,15,0,12,Low Risk
S0121,3.42,88.81,3,3.42,0,90.01,2.09,9,82.7,2,6,47,10,0,22,0,5,Low Risk
S0918,2.09,76.89,1,2.3,2,56.77,47.0,0,58.21,0,2,13,5,2,14,1,68,High Risk
S1068,1.99,71.82,4,2.14,2,45.63,37.14,0,49.02,1,3,10,6,0,15,1,80,Extreme Risk
S1118,1.76,56.99,1,1.95,4,19.28,50.59,2,48.09,0,0,1,2,3,8,1,100,Extreme Risk
S0073,3.47,93.02,1,3.85,0,86.79,2.33,4,83.36,1,7,29,9,0,33,0,5,Low Risk
S0948,2.7,74.98,5,1.85,2,45.53,51.47,3,64.58,0,2,14,3,0,25,0,70,High Risk
S0747,2.67,76.07,3,2.76,0,73.59,31.08,5,67.77,1,4,19,6,0,27,0,38,Moderate Risk
S0716,2.7,73.04,3,2.26,1,55.26,21.37,5,65.04,2,5,23,7,0,28,1,47,Moderate Risk
S0558,2.6,80.19,1,2.64,1,53.68,29.22,4,55.5,1,6,17,8,0,23,1,38,Moderate Risk
S1082,1.82,43.08,5,1.73,3,20.39,55.33,2,39.89,0,3,6,0,3,10,1,95,Extreme Risk
S1046,2.67,76.97,5,1.5,2,37.25,42.26,1,40.62,1,3,5,5,1,26,1,58,High Risk
S0553,2.68,82.68,5,2.2,1,55.15,21.43,4,76.36,0,5,15,8,0,27,0,40,Moderate Risk
S0562,2.62,81.19,3,2.8,1,59.8,22.37,4,63.77,1,6,24,5,0,31,0,38,Moderate Risk
S0425,2.58,81.77,6,2.87,0,52.67,22.34,3,65.11,2,5,19,6,1,26,0,33,Moderate Risk
S1014,1.89,66.87,4,1.65,3,30.96,52.4,3,39.93,1,2,11,3,1,11,0,91,Extreme Risk
S0326,3.0,92.54,3,3.4,0,79.39,12.55,10,98.36,3,6,48,8,0,30,0,10,Low Risk
S0924,2.17,64.55,5,1.7,1,37.34,33.43,2,57.22,1,2,13,5,2,13,0,71,High Risk
S0317,3.0,87.47,1,3.9,0,80.65,0.68,7,93.33,2,6,40,10,0,36,0,5,Low Risk
S0804,2.12,70.65,3,1.91,1,45.39,50.35,3,36.49,1,3,10,3,1,24,0,66,High Risk
S1163,1.51,58.47,1,1.29,2,36.51,70.51,2,40.07,0,1,0,3,3,9,1,90,Extreme Risk
S0529,2.64,76.01,5,2.26,0,57.37,20.17,2,72.83,1,6,23,5,0,32,0,31,Moderate Risk
S0837,1.8,73.9,8,2.52,3,44.14,51.72,2,51.5,0,4,11,4,1,24,0,86,Extreme Risk
S0715,2.3,73.57,5,3.11,0,54.26,27.66,5,63.88,1,4,11,6,1,21,0,51,High Risk
S0901,2.4,75.62,6,2.05,3,57.29,42.73,0,37.23,1,4,7,6,1,25,1,69,High Risk
S0061,3.79,86.6,5,3.44,0,98.95,1.86,6,98.46,1,7,20,9,0,22,0,5,Low Risk
S0723,2.3,73.59,1,2.41,1,60.05,29.34,4,62.6,1,6,19,8,0,19,0,53,High Risk
S0093,3.36,85.55,2,3.15,0,80.5,0.87,10,80.41,2,6,36,8,0,24,0,5,Low Risk
S0858,1.8,71.89,8,1.86,3,53.01,53.55,0,41.13,0,4,5,4,0,16,1,83,Extreme Risk
S0619,2.88,70.44,1,2.53,0,56.59,34.09,3,71.31,1,6,21,6,1,23,0,43,Moderate Risk
S0352,3.38,93.78,4,3.01,0,89.56,12.49,6,89.64,2,6,30,9,0,24,0,10,Low Risk
S0933,2.28,77.7,1,2.0,2,33.83,30.12,1,38.05,0,3,13,4,0,12,0,66,High Risk
S0281,3.84,97.79,5,3.19,0,74.69,7.11,8,92.82,1,7,44,8,0,16,0,10,Low Risk
S0421,3.2,76.02,5,2.26,1,70.33,20.15,5,57.12,1,5,15,6,0,32,0,30,Moderate Risk
S1115,1.46,47.79,5,1.8,2,41.08,80.41,1,32.92,0,0,4,1,2,19,1,90,Extreme Risk
S0360,3.0,92.05,1,3.38,0,72.41,7.15,7,97.89,1,6,40,10,0,21,0,10,Low Risk
S0423,2.39,75.06,7,2.44,0,60.73,16.5,2,66.42,2,5,20,6,0,31,0,41,Moderate Risk
S0679,2.64,75.51,8,3.2,0,67.97,19.27,4,74.2,2,5,11,6,0,15,0,33,Moderate Risk
S0527,2.76,83.27,4,2.16,0,69.81,18.74,2,77.69,1,6,16,6,0,16,0,31,Moderate Risk
S0478,2.72,72.93,1,2.0,0,67.93,28.29,4,74.06,0,6,20,8,0,30,0,38,Moderate Risk
S1095,1.61,61.75,8,1.27,2,18.56,71.59,0,31.72,0,1,2,3,2,14,1,89,Extreme Risk
S0183,3.25,89.72,8,3.39,0,75.25,12.84,7,99.79,1,7,22,9,0,39,0,10,Low Risk
S1092,2.3,63.91,8,1.61,3,32.35,55.99,2,31.17,0,0,3,1,2,11,1,84,Extreme Risk
S0433,2.64,87.06,7,2.67,1,56.85,26.86,2,70.21,1,6,21,6,1,31,0,32,Moderate Risk
S0111,3.71,86.2,4,3.14,0,87.92,11.76,10,91.09,2,6,33,10,0,32,0,10,Low Risk
S0371,3.13,96.74,3,2.91,0,90.62,14.42,8,80.62,1,7,30,10,0,36,0,10,Low Risk
S0240,3.0,96.31,3,2.82,0,83.33,4.13,4,94.69,1,5,46,9,0,18,0,7,Low Risk
S0709,2.42,86.95,7,2.19,0,55.03,33.45,2,75.3,1,6,15,6,0,23,0,38,Moderate Risk
S0630,2.35,72.61,8,2.78,0,65.62,29.58,4,71.59,1,6,16,6,0,17,1,46,Moderate Risk
S0594,2.73,78.11,2,2.65,1,58.49,29.16,2,74.02,0,4,20,7,0,20,0,43,Moderate Risk
S0486,2.9,77.21,2,2.77,0,63.01,15.74,5,77.44,2,5,13,7,1,23,0,33,Moderate Risk
S0701,3.0,86.73,8,2.51,0,55.38,31.51,2,61.14,1,5,22,7,0,18,1,25,Moderate Risk
S0262,3.64,86.37,1,3.01,0,71.5,13.67,10,83.9,1,7,35,9,0,22,0,10,Low Risk
S0480,2.88,82.05,7,2.48,0,67.53,16.11,3,63.97,2,5,10,5,0,28,1,33,Moderate Risk
S0650,3.07,73.89,5,2.24,0,59.77,30.82,5,79.46,0,4,19,8,0,19,0,41,Moderate Risk
S0340,3.46,97.35,7,3.43,0,88.1,7.85,7,76.0,3,5,34,8,0,24,0,12,Low Risk
S0669,3.04,70.87,4,2.55,0,73.9,33.47,5,63.91,0,5,16,5,0,18,0,35,Moderate Risk
S0552,2.72,75.46,5,2.36,0,57.66,18.05,2,67.58,0,4,15,6,1,20,0,36,Moderate Risk
S0459,2.85,81.65,3,2.92,1,56.38,30.36,4,65.98,0,6,11,6,0,21,0,43,Moderate Risk
S0184,3.22,86.03,1,2.94,0,89.59,14.07,7,80.82,3,5,34,9,0,33,0,12,Low Risk
S0138,3.3,91.34,7,2.94,0,80.43,9.97,7,86.87,1,7,47,10,0,22,0,10,Low Risk
S1161,1.79,56.21,6,1.73,4,34.2,61.4,0,21.96,0,0,10,0,2,11,1,96,Extreme Risk
S0707,2.43,70.75,4,2.5,1,59.1,31.67,5,68.01,1,5,10,6,1,21,1,60,High Risk
S0582,2.46,83.74,1,3.17,1,64.26,16.07,4,77.03,1,4,23,5,0,19,1,51,High Risk
S0081,4.0,97.57,5,3.24,0,85.57,0.7,7,98.97,1,5,23,10,0,40,0,7,Low Risk
S0769,2.3,80.18,7,3.05,2,55.43,29.28,2,77.28,2,6,16,8,1,25,1,53,High Risk
S0870,1.9,66.41,1,2.8,2,55.82,30.33,3,36.4,1,3,7,5,0,26,1,77,Extreme Risk
S0762,2.78,81.65,8,2.39,1,50.5,20.06,2,69.61,0,4,23,8,0,12,1,43,Moderate Risk
S0030,3.11,86.06,7,3.44,0,96.02,9.55,7,89.39,1,5,20,8,0,33,0,12,Low Risk
S0542,2.46,76.07,5,2.66,1,71.44,24.48,5,60.59,2,4,13,5,1,29,1,48,Moderate Risk
S0166,3.02,90.43,2,3.4,0,91.01,8.79,9,81.83,2,5,38,8,0,33,0,12,Low Risk
S0249,3.32,86.88,5,3.37,0,78.22,12.11,8,78.55,1,5,22,8,0,31,0,12,Low Risk
S0308,3.2,85.52,1,3.3,0,97.85,14.95,7,75.62,2,5,34,8,0,27,0,12,Low Risk
S0448,2.73,84.03,7,3.08,1,74.58,19.83,3,55.07,2,6,16,7,0,17,0,35,Moderate Risk
S0347,3.46,98.86,6,3.23,0,89.49,1.55,7,91.12,1,6,34,10,0,15,0,5,Low Risk
S0335,3.1,89.98,7,3.01,0,84.78,6.63,6,87.11,2,7,32,9,0,35,0,10,Low Risk
S0286,3.19,86.42,4,3.34,0,98.01,12.02,8,96.45,3,7,50,10,0,30,0,10,Low Risk
S0950,2.15,70.22,2,2.58,1,34.49,35.66,2,56.9,1,2,15,3,1,12,0,71,High Risk
S0098,3.46,99.42,1,3.25,0,94.77,1.93,6,80.72,3,6,23,9,0,28,0,5,Low Risk
S0468,2.3,85.82,1,2.51,0,66.41,33.14,4,60.58,1,4,13,8,0,12,0,43,Moderate Risk
S1037,1.99,77.04,1,2.09,1,41.67,48.9,2,56.36,1,4,10,5,1,11,1,66,High Risk
S0913,2.1,65.82,7,2.67,2,37.16,47.25,0,59.47,1,2,15,6,1,19,1,78,Extreme Risk
S0756,2.86,86.95,6,2.6,0,63.87,18.76,2,71.19,1,5,22,6,0,32,0,27,Moderate Risk
S0945,2.21,68.81,8,2.8,2,30.47,50.6,3,63.76,0,3,7,5,0,19,1,73,High Risk
S0614,2.66,73.19,8,2.42,1,72.58,17.79,5,65.54,1,6,20,8,0,15,1,42,Moderate Risk
S0802,2.44,69.38,2,1.99,2,36.04,37.12,1,59.63,0,4,9,4,1,17,0,73,High Risk
S0758,2.64,84.09,6,3.1,0,68.16,25.2,2,62.79,1,5,13,8,1,32,0,33,Moderate Risk
S0689,2.49,72.58,4,2.95,0,54.09,23.72,4,66.79,1,6,24,5,0,16,1,46,Moderate Risk
S0066,3.42,93.1,5,4.0,0,91.67,10.8,10,89.96,2,6,30,10,0,19,0,10,Low Risk
S0794,2.02,64.71,4,2.23,1,47.67,46.19,2,58.99,0,4,17,4,1,16,1,66,High Risk
S0744,2.32,76.23,7,2.71,1,53.98,15.88,2,58.64,0,5,21,8,0,12,1,48,Moderate Risk
S0568,2.45,83.77,7,2.97,0,57.44,15.66,2,71.35,1,6,19,5,1,20,1,39,Moderate Risk
S1084,1.73,44.66,4,1.25,4,36.99,77.74,2,21.67,0,3,0,2,3,19,1,91,Extreme Risk
S1099,1.96,48.18,5,1.55,4,19.74,66.55,2,32.5,0,3,2,4,2,18,1,95,Extreme Risk
S0303,3.22,97.39,6,3.14,0,87.3,8.38,9,78.58,1,7,29,10,0,26,0,10,Low Risk
S0255,3.45,96.77,7,3.29,0,75.97,6.28,9,90.03,3,6,50,9,0,23,0,10,Low Risk
S0959,2.25,61.72,3,1.64,3,57.45,48.91,3,62.21,0,2,12,4,1,22,1,81,Extreme Risk
S1024,2.23,74.33,6,2.3,1,35.96,51.37,2,57.43,1,3,13,5,0,17,1,66,High Risk
S0313,3.7,99.03,8,3.16,0,83.58,2.98,6,77.31,1,7,43,10,0,28,0,5,Low Risk
S0530,2.3,82.18,4,3.1,0,67.43,26.2,2,63.53,1,6,13,5,0,15,0,39,Moderate Risk
S0222,3.52,86.34,2,3.27,0,86.94,13.95,4,92.6,1,7,40,8,0,25,0,10,Low Risk
S0389,3.76,90.75,1,3.27,0,90.3,9.54,10,93.01,2,7,36,10,0,30,0,10,Low Risk
S0236,3.56,92.84,4,3.27,0,83.11,8.9,10,80.35,1,6,23,10,0,16,0,10,Low Risk
S0810,2.7,77.53,7,2.27,2,50.88,53.55,3,45.82,1,3,6,4,2,26,0,55,High Risk
S0483,2.33,80.54,3,2.89,0,57.66,34.24,4,61.14,1,4,10,7,0,29,0,49,Moderate Risk
S0713,2.3,78.56,6,2.47,0,66.1,26.01,4,77.23,1,4,16,5,1,17,1,44,Moderate Risk
S0306,3.12,88.57,3,3.1,0,70.19,11.59,8,78.86,2,6,50,8,0,21,0,10,Low Risk
S1111,1.62,59.73,7,1.83,3,11.7,73.65,1,48.74,0,1,2,3,2,12,1,100,Extreme Risk
S1090,1.48,47.19,2,1.77,2,23.32,76.93,0,21.2,0,3,7,4,2,9,1,89,Extreme Risk
S0772,2.9,80.89,5,2.48,1,55.86,26.58,3,79.99,2,6,13,8,0,18,0,38,Moderate Risk
S0917,1.8,67.72,7,2.56,1,35.26,49.37,3,36.02,1,4,6,3,1,16,0,73,High Risk
S1139,1.53,57.21,7,1.94,3,16.34,82.36,1,23.0,0,3,0,1,2,17,1,95,Extreme Risk
S0250,3.54,99.21,1,3.8,0,84.48,7.6,7,84.61,1,7,27,9,0,40,0,10,Low Risk
S0760,2.86,70.03,1,2.65,2,73.69,32.69,4,75.51,0,4,13,7,0,29,1,59,High Risk
S0595,2.69,71.69,7,3.2,1,60.12,19.5,4,79.91,2,4,18,7,0,27,0,50,High Risk
S0072,3.2,96.25,3,3.34,0,80.48,7.02,4,75.91,2,7,37,8,0,28,0,10,Low Risk
S0095,3.0,92.15,3,3.09,0,95.86,12.14,4,88.77,1,7,25,10,0,19,0,10,Low Risk
S0546,2.62,79.06,4,2.0,0,60.0,30.57,3,75.13,2,5,16,5,0,31,0,38,Moderate Risk
S0034,3.65,86.55,1,3.54,0,84.9,5.84,8,97.39,1,5,28,10,0,26,0,12,Low Risk
S0862,2.16,76.94,4,1.5,2,54.58,49.03,1,62.05,1,4,12,3,0,25,1,63,High Risk
S0579,2.3,78.52,3,2.76,1,54.11,30.07,3,75.49,2,6,13,6,0,16,0,51,High Risk
S0449,3.18,84.67,5,2.33,0,55.44,17.68,3,57.98,0,4,10,7,0,13,0,29,Moderate Risk
S0446,3.02,72.51,5,2.66,0,61.25,33.52,3,64.3,0,5,20,7,0,20,0,38,Moderate Risk
S0260,3.42,99.09,2,3.52,0,95.19,2.83,9,99.43,1,6,46,9,0,32,0,5,Low Risk
S0205,3.61,94.04,4,3.2,0,72.65,9.1,9,84.74,1,6,23,8,0,19,0,10,Low Risk
S0573,2.46,84.77,7,2.32,1,62.96,24.24,5,62.19,1,5,19,6,0,34,0,48,Moderate Risk
S0824,2.7,62.51,8,1.5,1,32.09,40.34,2,62.27,0,2,5,6,0,17,1,63,High Risk
S0586,2.84,86.96,5,2.49,0,74.82,30.67,5,61.71,1,6,20,8,0,33,0,27,Moderate Risk
S0366,3.0,97.82,5,3.73,0,81.48,12.59,7,86.86,1,7,32,10,0,30,0,10,Low Risk
S0812,2.29,63.0,8,1.6,2,43.88,45.03,1,36.12,0,2,13,5,0,18,1,78,Extreme Risk
S0078,3.29,93.49,3,3.38,0,94.0,6.38,6,87.81,2,6,32,8,0,21,0,10,Low Risk
S0085,3.38,87.78,6,3.49,0,92.75,9.58,4,91.47,2,6,27,8,0,32,0,10,Low Risk
S0539,3.2,77.22,2,3.09,0,63.59,16.45,4,75.08,1,5,23,8,0,30,0,26,Moderate Risk
S0083,3.49,97.7,3,3.22,0,80.03,11.56,8,83.61,1,5,44,8,0,25,0,12,Low Risk
S0458,2.43,81.5,3,2.88,0,61.6,30.78,2,78.27,0,5,20,7,0,18,1,46,Moderate Risk
S1138,1.59,54.14,1,1.37,5,36.94,71.14,2,27.96,0,2,3,0,3,8,1,96,Extreme Risk
S0615,2.3,85.74,5,2.26,2,55.22,28.31,3,59.06,1,5,24,8,1,29,0,49,Moderate Risk
S1186,1.52,49.91,1,1.43,2,31.31,52.29,1,41.25,0,0,8,1,2,18,1,90,Extreme Risk
S1076,2.66,61.76,2,1.84,2,35.26,42.83,3,37.92,1,2,17,6,2,24,1,70,High Risk
S0737,2.51,78.57,7,2.2,1,64.07,17.69,3,62.97,1,5,15,8,0,21,0,40,Moderate Risk
S0437,2.77,70.98,4,2.98,0,60.04,25.06,2,76.45,1,5,23,6,0,31,1,40,Moderate Risk
S0555,3.09,83.77,6,2.79,0,70.05,32.03,3,77.58,0,6,13,7,0,25,0,26,Moderate Risk
S1080,2.2,72.69,3,1.92,2,33.67,40.78,1,49.27,1,4,12,4,0,10,1,73,High Risk
S1062,2.31,61.33,6,1.59,1,58.02,32.76,0,62.34,0,2,9,6,1,10,0,68,High Risk
S0351,3.4,95.95,5,3.63,0,90.21,11.51,7,86.08,2,6,30,10,0,22,0,10,Low Risk
S0197,3.32,91.84,2,3.03,0,87.89,8.24,4,76.78,1,7,28,10,0,16,0,10,Low Risk
S0465,2.96,87.33,2,2.73,1,58.58,21.57,3,69.47,1,5,19,6,0,13,0,34,Moderate Risk
S0589,2.5,75.37,1,2.09,0,63.18,23.06,4,72.09,1,5,17,6,1,34,0,33,Moderate Risk
S0006,3.5,87.11,7,2.8,0,70.47,6.35,4,79.97,1,7,38,8,0,22,0,10,Low Risk
S0311,3.55,88.98,1,3.36,0,75.77,4.43,9,98.68,3,6,45,8,0,25,0,5,Low Risk
S0662,2.42,83.43,8,2.45,1,56.34,19.56,4,65.48,1,6,20,5,0,27,0,46,Moderate Risk
S0405,3.05,87.19,1,3.45,0,92.37,12.39,10,95.21,1,5,48,9,0,34,0,12,Low Risk
S1196,2.01,45.82,7,1.67,2,39.92,50.01,0,39.6,0,3,9,1,2,21,1,78,Extreme Risk
S1044,2.41,73.72,8,1.5,2,35.98,36.56,1,62.26,1,4,9,3,0,24,1,73,High Risk
S1058,2.7,72.29,7,2.2,1,33.58,32.57,2,35.93,0,4,8,3,2,13,1,58,High Risk
S0105,3.5,96.56,6,3.44,0,70.54,11.95,7,75.81,3,7,39,9,0,29,0,10,Low Risk
S0537,2.34,71.18,5,2.62,0,64.31,23.84,3,64.7,1,4,17,8,0,33,0,51,High Risk
S0606,2.3,78.07,8,2.43,0,73.16,34.23,2,76.53,1,4,12,7,0,33,0,46,Moderate Risk
S0063,3.93,98.5,5,3.18,0,92.43,7.54,4,83.88,1,6,33,8,0,22,0,10,Low Risk
S0282,3.66,92.61,7,3.25,0,87.54,2.0,6,95.55,2,5,49,9,0,39,0,7,Low Risk
S1056,1.95,66.53,8,2.48,1,47.32,53.34,3,52.54,0,3,8,5,2,14,1,73,High Risk
S0239,3.26,91.43,1,3.38,0,96.84,0.01,7,82.22,1,7,21,10,0,15,0,5,Low Risk
S0224,3.4,91.49,7,3.48,0,89.03,11.56,4,76.31,2,6,24,8,0,18,0,10,Low Risk
S0146,3.19,87.67,8,3.56,0,85.28,14.95,4,80.82,1,5,39,9,0,21,0,12,Low Risk
S1119,1.51,49.64,4,1.58,4,28.84,53.06,0,29.27,0,0,11,3,2,18,1,100,Extreme Risk
S0374,3.0,86.91,1,3.86,0,80.66,10.04,6,92.52,2,5,30,9,0,37,0,12,Low Risk
S0119,3.51,93.78,7,3.43,0,86.2,0.51,9,76.43,2,6,48,8,0,37,0,5,Low Risk
S0803,2.46,75.98,7,2.12,2,41.49,38.26,1,59.56,0,3,16,3,1,10,1,66,High Risk
S0251,3.72,86.46,8,3.41,0,94.51,8.2,4,88.52,2,5,46,9,0,22,0,12,Low Risk
S1157,1.33,63.87,6,2.2,3,12.3,78.34,0,30.87,0,3,2,4,1,8,1,90,Extreme Risk
S0010,3.44,95.42,4,3.48,0,94.24,9.5,9,86.41,1,6,49,10,0,40,0,10,Low Risk
S0450,2.4,73.84,5,2.36,1,50.18,25.18,2,64.77,2,6,12,7,0,16,0,53,High Risk
S0874,2.44,68.1,6,1.95,3,51.24,51.71,1,47.76,1,3,10,5,1,10,1,76,Extreme Risk
S0390,3.51,95.64,6,3.41,0,84.06,10.58,8,84.07,3,7,37,9,0,36,0,10,Low Risk
S0966,2.02,66.06,4,2.04,2,34.52,52.08,0,42.37,1,4,11,5,0,24,0,73,High Risk
S0461,2.4,75.68,6,2.88,1,52.56,15.24,4,76.74,2,6,20,5,1,17,0,46,Moderate Risk
S1147,2.22,40.89,4,2.2,3,22.39,57.82,1,48.53,0,2,6,0,2,14,1,93,Extreme Risk
S0145,3.0,90.8,5,3.68,0,83.79,0.87,6,93.86,2,7,28,10,0,33,0,5,Low Risk
S0502,3.07,79.14,8,2.32,0,74.25,15.44,2,55.39,1,5,20,6,0,17,1,23,Low Risk
S1108,1.88,60.56,7,2.07,2,43.27,54.04,2,46.97,0,0,4,2,2,19,1,85,Extreme Risk
S0540,2.3,75.48,8,3.04,1,59.47,21.06,3,76.28,1,4,12,8,0,24,0,51,High Risk
S0178,3.0,98.46,3,3.69,0,74.22,3.03,8,93.32,3,5,23,9,0,20,0,7,Low Risk
S1159,1.53,55.41,4,1.47,4,24.33,63.86,1,30.86,0,1,1,0,3,8,1,100,Extreme Risk
S1051,2.45,73.04,4,1.55,2,50.9,44.92,3,43.19,0,2,16,3,2,14,1,75,Extreme Risk
S0584,2.87,70.73,4,2.5,0,67.85,24.6,2,55.78,2,6,10,8,0,31,0,38,Moderate Risk
S1195,1.85,61.31,3,0.97,3,10.42,67.54,2,23.58,0,0,9,1,2,8,1,95,Extreme Risk
S0008,3.0,93.42,3,3.49,0,91.4,11.41,5,80.9,1,7,28,10,0,29,0,10,Low Risk
S0574,3.17,72.38,6,3.02,0,56.04,24.66,5,63.66,2,5,12,8,0,25,1,33,Moderate Risk
S0843,2.41,65.85,4,2.63,2,42.43,32.67,2,47.61,0,4,8,3,0,12,0,73,High Risk
S0358,3.15,95.13,4,3.15,0,76.26,0.88,4,76.05,1,5,22,8,0,38,0,7,Low Risk
S0330,3.42,94.89,1,3.2,0,79.13,2.97,5,90.57,1,7,39,10,0,39,0,5,Low Risk
S0705,3.2,77.85,2,2.66,1,63.3,23.05,2,67.45,1,5,17,6,0,30,0,33,Moderate Risk
S0830,1.8,70.43,4,2.57,3,35.24,42.89,3,47.79,1,3,8,3,0,26,1,86,Extreme Risk
S0259,4.0,88.2,3,3.01,0,76.08,8.81,5,84.34,1,5,36,8,0,18,0,12,Low Risk
S0891,2.44,64.3,5,1.91,2,40.87,35.44,2,44.64,0,3,11,6,2,13,1,73,High Risk
S0834,1.8,73.75,1,1.58,2,42.32,43.14,2,63.27,1,3,16,5,1,15,1,80,Extreme Risk
S1188,2.05,64.93,2,2.2,3,29.12,74.59,1,32.85,0,0,9,3,3,9,1,88,Extreme Risk
S0905,2.08,70.05,7,2.62,2,47.09,35.54,3,52.11,0,3,15,6,2,22,0,73,High Risk
S0526,2.32,80.07,5,2.88,1,67.08,16.05,5,76.85,0,6,24,5,0,24,0,46,Moderate Risk
S0814,2.29,72.22,6,2.74,1,33.8,50.67,2,52.48,0,2,9,4,1,15,1,71,High Risk
S0732,2.94,77.37,2,2.28,0,50.74,18.57,2,69.45,1,5,16,8,1,27,0,33,Moderate Risk
S1032,1.9,67.34,2,2.8,2,31.45,51.81,3,40.44,0,2,12,6,2,25,1,85,Extreme Risk
S1141,1.68,43.96,5,1.71,2,34.12,52.31,1,33.36,0,3,10,3,3,12,1,85,Extreme Risk
S0441,2.64,75.84,1,2.09,0,60.12,34.98,4,75.51,1,6,18,7,0,24,0,36,Moderate Risk
S0532,2.3,76.91,7,2.47,0,59.76,33.18,5,61.3,2,4,17,5,0,34,0,49,Moderate Risk
S0960,2.29,66.98,2,2.34,2,44.86,36.88,1,48.15,0,2,12,5,1,15,0,78,Extreme Risk
S0229,3.33,88.98,8,3.36,0,80.25,11.09,10,83.7,1,7,40,8,0,21,0,10,Low Risk
S1041,1.92,64.22,2,1.66,1,58.65,31.91,2,40.52,0,2,5,5,2,11,1,75,Extreme Risk
S0213,3.69,87.02,6,3.63,0,94.59,5.0,6,80.27,3,7,22,10,0,32,0,5,Low Risk
S0080,3.36,92.46,4,3.1,0,70.33,2.05,4,81.66,2,6,31,8,0,39,0,5,Low Risk
S0149,3.0,94.69,5,3.07,0,72.94,7.32,7,96.62,1,6,27,10,0,23,0,10,Low Risk
S0592,2.3,82.38,3,2.65,0,54.55,16.72,3,70.41,1,5,21,5,0,32,0,41,Moderate Risk
S0708,2.64,77.65,8,2.27,0,50.75,22.94,3,65.81,2,5,16,7,0,25,1,33,Moderate Risk
S0590,2.3,86.11,3,2.84,0,60.6,28.0,2,59.58,1,5,21,5,0,30,0,35,Moderate Risk
S0134,3.24,87.13,8,3.35,0,90.85,6.06,9,86.14,2,7,26,9,0,33,0,10,Low Risk
S0782,2.7,62.19,2,2.11,1,34.44,46.35,1,61.32,1,4,11,5,2,15,0,58,High Risk
S0409,3.54,87.43,8,3.24,0,91.44,3.6,5,97.11,2,5,36,9,0,24,0,7,Low Risk
S0970,2.54,72.33,1,1.5,1,44.04,35.83,3,63.53,0,4,12,5,1,10,0,58,High Risk
S0508,2.3,78.32,8,2.63,1,74.54,16.95,5,77.49,2,5,18,7,0,12,1,45,Moderate Risk
S0877,1.8,76.66,3,1.71,2,38.73,36.66,0,42.8,1,3,6,3,1,10,1,73,High Risk
S0505,2.52,77.32,7,2.97,0,52.65,27.56,3,78.9,0,4,16,6,1,14,0,36,Moderate Risk
S0719,3.06,78.66,6,2.66,0,68.47,34.2,4,67.64,1,6,16,8,0,27,0,29,Moderate Risk
S0348,3.05,86.38,8,3.35,0,98.73,8.49,4,88.83,3,7,41,9,0,27,0,10,Low Risk
S0387,4.0,92.66,3,3.3,0,71.91,2.66,8,78.43,3,5,41,10,0,22,0,7,Low Risk
S0001,3.55,95.98,5,3.26,0,83.37,1.5,6,96.65,2,7,41,8,0,16,0,5,Low Risk
S0361,3.05,99.82,2,3.65,0,91.66,0.6,9,86.74,2,6,24,9,0,39,0,5,Low Risk
S1134,1.1,63.47,8,2.05,3,37.16,65.11,0,40.14,0,1,4,3,3,8,1,91,Extreme Risk
S0476,2.75,87.71,7,2.41,0,65.93,16.41,3,69.56,0,6,19,5,1,32,0,25,Moderate Risk
S0778,2.82,76.63,4,2.55,1,72.15,29.58,5,67.25,0,6,20,8,0,17,0,35,Moderate Risk
S0754,2.7,75.92,7,2.37,1,51.87,33.29,5,68.85,1,5,23,7,0,28,0,45,Moderate Risk
S0173,3.83,93.23,2,3.36,0,83.75,7.27,8,78.52,2,5,21,9,0,16,0,12,Low Risk
S0451,2.36,79.11,8,2.33,0,68.67,15.25,3,72.18,1,6,10,5,1,24,0,39,Moderate Risk
S0126,3.66,93.95,8,2.8,0,76.82,1.1,6,79.21,2,6,33,8,0,17,0,5,Low Risk
S0931,2.7,67.87,3,2.18,2,51.09,45.35,3,36.77,1,2,14,4,2,26,1,67,High Risk
S0531,2.65,86.66,3,2.43,1,73.55,29.79,5,67.55,1,4,20,5,0,24,1,34,Moderate Risk
S0091,3.1,85.63,1,3.07,0,71.35,1.64,4,91.99,1,6,24,8,0,19,0,5,Low Risk
S1162,1.63,56.35,5,1.17,3,22.2,65.2,1,22.03,0,0,0,2,1,18,1,100,Extreme Risk
S0182,3.47,91.3,2,3.16,0,83.51,11.23,4,85.89,2,5,24,10,0,29,0,12,Low Risk
S1027,2.11,69.69,2,1.7,2,56.9,31.32,0,40.67,1,3,8,3,1,21,1,70,High Risk
S1000,2.7,69.78,2,2.38,2,54.13,43.43,1,40.66,0,2,6,4,1,22,0,67,High Risk
S0252,3.55,93.29,4,3.14,0,96.38,12.13,10,82.74,1,6,38,8,0,19,0,10,Low Risk
S0070,3.01,96.06,1,2.91,0,70.99,13.69,9,79.41,2,6,40,8,0,31,0,10,Low Risk
S0132,3.32,88.55,5,3.53,0,91.96,12.77,10,91.69,1,6,20,10,0,32,0,10,Low Risk
S0301,3.91,92.39,4,3.28,0,89.74,1.76,5,78.08,2,7,44,9,0,22,0,5,Low Risk
S1133,1.25,54.28,1,1.52,3,33.57,64.77,1,41.47,0,0,2,3,2,19,1,96,Extreme Risk
S0327,3.84,92.97,5,3.13,0,81.95,6.66,9,78.66,3,6,43,9,0,28,0,10,Low Risk
S1020,2.3,73.59,8,2.08,2,48.78,50.45,2,59.94,0,4,16,6,2,22,1,73,High Risk
S0500,2.41,83.05,8,2.75,0,50.81,29.87,4,79.89,1,4,21,8,0,29,0,44,Moderate Risk
S0666,2.48,77.98,5,2.32,2,68.03,28.54,3,71.25,1,6,22,6,0,20,0,53,High Risk
S0919,2.04,75.74,1,2.25,2,32.18,50.92,1,62.47,0,4,6,6,2,21,1,66,High Risk
S0496,3.1,82.3,7,2.55,0,68.07,21.38,4,62.04,0,5,17,8,0,27,0,26,Moderate Risk
S0339,3.77,92.61,7,3.09,0,84.03,9.29,7,86.16,2,5,35,9,0,21,0,12,Low Risk
S0964,1.85,63.67,8,1.88,3,47.49,31.74,2,43.55,0,4,6,5,2,22,1,86,Extreme Risk
S0165,3.63,89.49,1,3.56,0,89.09,11.78,6,92.15,3,7,26,8,0,40,0,10,Low Risk
S0029,3.24,91.97,5,3.63,0,88.48,9.53,5,81.52,1,7,45,8,0,38,0,10,Low Risk
S0517,3.2,80.03,5,2.39,0,70.83,23.54,5,65.34,1,5,10,6,0,25,0,23,Low Risk
S0194,3.0,88.28,2,2.87,0,97.95,5.96,8,82.11,3,5,38,10,0,21,0,12,Low Risk
S1104,1.66,42.23,7,1.43,2,24.84,67.87,2,38.93,0,2,6,1,3,9,1,94,Extreme Risk
S0170,3.72,90.19,2,3.91,0,80.42,13.5,5,93.31,2,7,35,10,0,35,0,10,Low Risk
S1059,1.8,73.51,6,1.98,2,38.07,44.96,3,58.71,1,3,11,5,1,21,1,80,Extreme Risk
S0174,3.36,96.24,4,3.64,0,85.38,12.1,5,99.45,2,5,26,8,0,34,0,12,Low Risk
S0519,2.98,77.13,1,2.48,0,72.15,30.5,4,74.05,1,5,21,7,0,13,0,35,Moderate Risk
S0969,1.95,75.07,5,2.02,1,57.11,52.68,0,50.22,1,3,6,3,1,11,0,63,High Risk
S0702,2.3,76.14,6,2.69,0,62.99,24.01,3,78.85,1,4,14,5,1,17,0,44,Moderate Risk
S0492,2.35,82.61,7,2.52,1,64.53,16.58,2,78.4,1,4,19,6,0,30,1,51,High Risk
S0074,3.07,85.38,4,3.83,0,96.01,6.12,4,80.55,1,7,50,8,0,22,0,10,Low Risk
S0981,2.09,73.52,6,1.92,2,49.8,42.94,2,56.45,0,4,6,6,1,12,1,73,High Risk
S0588,2.79,82.68,1,2.53,1,59.75,18.89,5,64.33,1,4,20,5,0,13,0,43,Moderate Risk
S0235,3.34,88.14,3,2.93,0,74.11,14.92,5,96.34,1,6,28,10,0,30,0,10,Low Risk
S0215,3.51,86.33,1,3.62,0,78.41,10.31,10,76.65,1,7,33,8,0,27,0,10,Low Risk
S0947,2.45,63.85,7,2.13,2,35.36,30.03,1,52.19,1,2,17,3,1,14,0,78,Extreme Risk
S0133,3.27,98.04,1,3.12,0,72.87,0.35,10,80.76,1,7,29,8,0,28,0,5,Low Risk
S1156,1.81,50.58,3,1.58,4,42.11,66.23,1,48.85,0,0,8,4,3,10,1,96,Extreme Risk
S0733,3.2,87.08,5,2.07,1,52.36,27.68,4,55.2,0,4,13,8,0,30,0,30,Moderate Risk
S0941,2.1,76.42,5,2.1,1,33.11,33.21,1,63.7,0,2,12,5,1,22,1,64,High Risk
S0186,3.39,85.41,6,3.21,0,95.75,4.38,6,95.65,2,5,26,9,0,23,0,7,Low Risk
S0042,3.31,87.55,4,3.08,0,80.6,8.75,7,84.01,1,7,41,10,0,31,0,10,Low Risk
S0109,3.71,86.24,5,3.33,0,81.91,1.99,10,80.02,2,7,21,9,0,37,0,5,Low Risk
S0849,2.46,72.17,1,2.13,1,37.22,51.93,0,42.61,1,4,8,3,2,19,0,66,High Risk
S0569,2.47,76.42,7,2.71,0,70.96,28.08,4,77.24,0,4,23,8,1,33,0,41,Moderate Risk
S0651,2.38,78.96,3,2.41,1,50.55,31.34,4,69.92,1,4,18,7,0,25,0,56,High Risk
S1001,2.07,73.22,5,2.22,2,46.6,54.03,1,37.8,0,2,12,4,2,14,1,78,Extreme Risk
S1166,1.56,56.74,2,1.66,5,23.35,76.78,0,26.42,0,2,9,0,2,19,1,100,Extreme Risk
S0484,2.57,77.32,8,2.6,0,68.32,28.69,3,76.14,1,6,21,7,0,22,0,31,Moderate Risk
S0469,2.95,79.27,3,2.05,1,53.53,17.61,4,73.34,2,4,11,6,0,29,0,43,Moderate Risk
S0025,3.0,93.86,6,3.41,0,71.17,4.55,6,78.18,2,5,47,8,0,21,0,7,Low Risk
S0661,2.3,73.77,7,3.16,0,51.66,15.03,4,66.21,2,6,12,7,1,31,1,46,Moderate Risk
S0680,2.56,85.85,3,2.48,2,50.2,32.98,4,68.85,1,5,22,7,0,29,1,46,Moderate Risk
S0753,3.02,70.86,3,2.34,1,59.82,26.55,3,72.45,1,5,15,5,0,13,1,40,Moderate Risk
S0994,2.5,77.0,4,2.18,1,55.69,52.07,1,41.82,0,4,6,3,1,15,1,48,Moderate Risk
S0367,3.7,93.37,5,3.35,0,97.53,11.67,5,79.63,2,5,31,8,0,24,0,12,Low Risk
S0840,1.99,66.97,8,1.92,1,47.79,48.9,3,43.54,1,3,14,3,0,11,1,73,High Risk
S1053,2.39,63.83,6,1.93,1,37.39,33.58,1,47.47,1,4,9,6,2,15,0,66,High Risk
S0384,3.19,94.68,8,2.8,0,81.95,0.1,9,79.97,2,5,23,10,0,39,0,7,Low Risk
S0455,2.58,81.59,5,2.69,0,69.12,20.31,3,68.22,0,5,15,5,1,30,0,33,Moderate Risk
S0265,3.49,96.81,5,3.52,0,96.21,9.57,9,85.69,2,7,24,10,0,32,0,10,Low Risk
S0761,2.46,82.26,7,2.42,0,63.44,34.9,2,65.26,0,4,21,5,0,24,0,49,Moderate Risk
S0980,1.82,77.38,3,2.09,2,48.7,46.66,2,44.08,0,3,13,5,1,11,0,73,High Risk
S0445,2.75,84.34,5,2.0,1,55.96,19.49,2,60.9,0,5,16,8,0,27,1,40,Moderate Risk
S0396,3.44,95.67,2,3.23,0,71.07,14.91,5,76.35,1,5,32,9,0,36,0,12,Low Risk
S0742,2.77,81.23,3,2.46,0,66.06,20.52,3,64.89,1,6,16,8,0,32,0,31,Moderate Risk
S0177,3.68,93.66,5,3.1,0,89.28,2.94,9,88.33,1,6,31,9,0,21,0,5,Low Risk
S0019,3.63,97.74,1,3.68,0,86.28,7.63,9,81.63,1,6,25,8,0,33,0,10,Low Risk
S0949,2.26,65.47,5,1.98,3,48.43,52.83,0,53.49,0,2,16,3,1,27,1,84,Extreme Risk
S0815,1.8,74.32,5,1.67,1,32.71,44.07,0,59.59,1,2,8,3,2,12,1,78,Extreme Risk
S0596,2.73,84.99,7,2.63,0,70.45,15.77,5,55.5,1,4,22,8,0,21,0,33,Moderate Risk
S0062,3.56,96.99,3,3.51,0,94.44,9.98,5,97.7,1,6,44,9,0,22,0,10,Low Risk
S0273,3.96,95.53,1,3.42,0,79.83,8.2,4,90.79,2,5,35,8,0,35,0,12,Low Risk
S1126,1.51,63.09,1,1.39,3,14.34,64.7,0,32.47,0,0,11,2,3,15,1,95,Extreme Risk
S0279,3.49,90.6,7,3.39,0,93.18,8.23,4,89.53,2,6,24,8,0,21,0,10,Low Risk
S0842,1.8,75.16,3,1.69,1,43.01,50.17,0,61.7,1,3,14,5,0,21,0,66,High Risk
S0369,3.3,93.32,2,3.0,0,75.1,0.83,6,94.15,2,5,23,9,0,39,0,7,Low Risk
S0887,2.7,75.16,4,2.22,2,48.21,44.12,1,45.13,0,4,9,3,1,15,1,58,High Risk
S1015,1.97,70.21,1,2.8,1,54.39,53.51,0,37.51,0,3,14,4,1,26,0,70,High Risk
S0860,1.8,61.17,7,2.17,1,55.3,47.95,2,45.16,0,3,8,3,1,25,1,70,High Risk
S0721,2.75,79.58,8,2.35,1,61.29,25.03,4,77.26,1,4,18,6,0,31,1,43,Moderate Risk
S0826,2.44,61.23,2,1.63,1,54.33,51.96,3,64.04,0,3,13,6,0,27,0,63,High Risk
S0548,2.3,75.7,5,2.36,0,51.36,28.33,5,66.93,0,5,19,5,0,33,0,41,Moderate Risk
S0880,2.7,66.56,4,1.64,1,57.15,51.73,3,51.7,0,2,16,4,2,22,1,60,High Risk
S0900,2.0,65.53,3,1.5,3,31.15,34.06,2,36.28,0,2,8,6,2,13,1,84,Extreme Risk
S0457,2.93,75.68,5,2.99,0,56.44,17.71,2,58.34,1,5,14,7,0,27,0,33,Moderate Risk
S0394,3.66,92.69,2,3.05,0,79.35,12.68,8,98.02,1,5,24,8,0,19,0,12,Low Risk
S0676,3.2,71.43,8,2.54,1,71.94,23.36,2,65.59,1,6,23,6,1,23,1,35,Moderate Risk
S0912,2.38,71.08,2,2.14,3,56.22,54.94,3,42.29,1,3,11,3,0,13,0,76,Extreme Risk
S0965,2.03,72.94,7,1.5,2,49.65,41.15,3,38.22,1,2,14,6,0,11,0,78,Extreme Risk
S0376,3.24,87.94,8,3.76,0,84.65,2.0,8,97.8,1,5,21,8,0,40,0,7,Low Risk
S0413,3.9,91.76,5,3.02,0,88.58,7.2,10,93.73,2,6,33,10,0,15,0,10,Low Risk
S0075,3.43,87.68,1,3.26,0,91.62,12.08,9,90.08,3,5,41,8,0,28,0,12,Low Risk
S1122,1.81,48.38,4,1.55,4,37.8,78.83,1,23.96,0,3,7,1,3,16,1,91,Extreme Risk
S0863,2.43,65.29,1,1.79,2,50.04,40.74,2,43.58,0,3,14,5,2,17,0,70,High Risk
S0501,2.3,80.2,5,2.53,0,51.32,27.52,5,64.23,0,5,15,6,0,15,0,41,Moderate Risk
S0942,1.85,71.91,3,1.5,1,49.51,33.0,0,36.93,0,4,15,3,0,19,1,73,High Risk
S0617,2.84,71.58,7,2.23,2,71.67,34.65,3,62.06,1,4,22,7,0,33,0,59,High Risk
S0115,3.13,90.76,2,2.89,0,91.99,1.97,7,97.73,1,6,33,9,0,37,0,5,Low Risk
S0418,3.65,86.79,3,3.5,0,76.35,0.62,8,95.91,2,6,43,8,0,17,0,5,Low Risk
S0602,2.3,82.16,3,2.66,1,63.21,31.21,5,55.71,1,6,10,7,0,23,0,51,High Risk
S0605,2.4,80.44,1,2.76,2,71.02,31.95,4,70.62,1,6,23,7,0,27,1,55,High Risk
S0090,4.0,89.08,1,3.1,0,82.53,6.32,8,93.31,1,5,33,9,0,32,0,12,Low Risk
S1149,1.48,40.88,7,1.99,5,13.98,74.67,2,39.42,0,0,9,2,2,21,1,100,Extreme Risk
S0499,3.12,72.02,3,2.89,1,61.66,22.23,4,73.51,0,5,16,6,0,33,0,40,Moderate Risk
S0876,2.51,67.58,4,1.95,3,48.89,42.22,0,50.18,0,3,14,6,0,23,0,71,High Risk
S0927,2.07,71.04,4,2.8,1,36.97,51.97,1,45.43,1,3,17,3,1,18,1,66,High Risk
S0999,2.65,73.72,7,2.31,3,39.01,40.85,1,42.24,0,3,10,6,0,24,0,71,High Risk
S0012,3.07,88.66,3,3.57,0,85.56,10.55,4,76.62,1,6,26,9,0,17,0,10,Low Risk
S0397,3.19,95.13,2,2.8,0,93.2,10.07,9,94.45,2,7,26,9,0,24,0,10,Low Risk
S0755,2.32,83.81,2,2.94,1,55.77,29.87,4,65.02,0,6,14,8,1,22,1,46,Moderate Risk
S0556,2.93,81.08,7,2.53,1,71.65,18.44,5,69.15,1,4,22,5,0,20,0,40,Moderate Risk
S0043,3.21,94.04,8,2.82,0,97.33,12.34,5,85.42,2,5,21,9,0,38,0,12,Low Risk
S0168,3.43,85.11,1,3.34,0,88.31,2.03,10,98.07,2,5,49,9,0,36,0,7,Low Risk
S0417,3.0,92.1,8,3.75,0,76.21,12.77,8,94.42,3,7,34,10,0,40,0,10,Low Risk
S0577,2.67,77.9,3,2.04,0,69.87,24.13,2,76.8,0,5,15,5,0,22,0,33,Moderate Risk
S0268,3.37,93.3,1,3.53,0,80.61,12.43,4,95.7,1,7,24,9,0,24,0,10,Low Risk
S0808,2.47,66.54,8,1.98,1,42.99,33.6,0,55.81,1,3,6,6,0,16,0,66,High Risk
S0427,2.65,73.97,8,2.47,1,62.87,16.99,4,73.59,1,4,15,8,0,16,0,50,High Risk
S0691,2.42,79.39,2,2.39,0,55.08,23.04,4,55.91,1,4,21,8,0,15,0,44,Moderate Risk
S0545,2.83,75.91,8,2.51,1,70.17,16.0,5,65.75,0,5,14,5,0,21,0,37,Moderate Risk
S1123,1.73,52.98,7,2.2,2,24.36,74.84,1,32.53,0,1,2,2,2,10,1,94,Extreme Risk
S0675,2.7,86.33,3,2.6,0,73.19,16.33,2,68.01,1,5,14,7,1,21,1,24,Low Risk
S0690,3.2,76.41,4,2.65,0,53.42,25.14,2,58.95,1,5,21,7,1,25,1,26,Moderate Risk
S1055,2.58,60.41,7,2.32,2,45.97,52.47,2,56.09,0,2,9,5,2,10,1,70,High Risk
S1177,1.56,44.77,8,1.61,4,39.87,52.7,2,47.58,0,2,8,4,1,16,1,96,Extreme Risk
S1033,2.67,69.23,7,2.37,2,44.78,39.53,3,53.39,1,4,6,3,1,25,0,65,High Risk
S1035,2.37,75.51,6,1.88,3,57.0,53.15,1,64.17,0,3,16,3,0,11,1,69,High Risk
S0258,3.9,94.73,6,3.7,0,91.11,5.6,6,91.9,2,6,28,10,0,18,0,10,Low Risk
S0336,3.58,87.31,4,3.51,0,80.4,6.12,5,76.42,1,5,38,10,0,16,0,12,Low Risk
S0016,3.17,98.87,6,3.2,0,76.86,2.62,4,87.92,1,5,35,9,0,26,0,7,Low Risk
S0902,2.38,77.21,3,2.13,1,33.31,35.99,3,35.55,1,3,9,6,1,21,0,59,High Risk
S0325,3.88,92.97,8,3.19,0,72.1,5.93,7,88.91,1,6,23,8,0,40,0,10,Low Risk
S0608,2.66,73.83,6,2.47,1,62.86,19.0,2,72.14,1,5,14,7,0,24,1,47,Moderate Risk
S1054,1.85,72.54,1,2.24,2,35.5,46.98,0,43.58,1,2,15,3,0,20,0,85,Extreme Risk
S0791,2.19,63.38,5,1.9,1,30.56,52.22,3,48.83,1,2,9,5,0,27,1,71,High Risk
S0223,3.46,96.42,1,3.32,0,98.32,4.03,7,94.55,2,6,36,8,0,36,0,5,Low Risk
S0180,3.52,86.4,4,3.07,0,96.71,1.19,8,99.34,1,5,39,9,0,32,0,7,Low Risk
S0100,3.47,99.44,7,3.77,0,75.38,11.31,9,98.43,2,6,23,10,0,31,0,10,Low Risk
S0522,2.7,80.81,6,2.44,1,60.14,15.82,3,79.55,1,5,10,7,0,31,0,40,Moderate Risk
S0023,3.66,95.54,8,3.62,0,78.9,6.3,5,96.68,3,6,26,8,0,18,0,10,Low Risk
S0357,3.11,91.22,7,2.8,0,98.64,2.27,5,81.56,2,6,25,10,0,34,0,5,Low Risk
S0734,2.85,75.42,2,2.07,0,52.4,20.94,5,59.97,1,4,15,5,0,28,0,36,Moderate Risk
S1094,1.96,62.87,7,0.8,2,24.65,80.85,0,36.85,0,1,3,2,3,16,1,89,Extreme Risk
S1112,1.58,49.57,2,1.54,5,16.05,70.05,2,36.23,0,1,4,0,2,21,1,100,Extreme Risk
S0612,2.4,78.31,5,2.67,1,58.6,20.55,2,57.5,0,6,23,8,0,31,0,46,Moderate Risk
S1010,1.8,69.66,5,2.03,1,37.87,47.6,1,62.82,1,2,17,6,1,25,0,78,Extreme Risk
S0341,3.54,92.67,3,3.69,0,99.37,10.11,8,78.38,1,7,36,9,0,16,0,10,Low Risk
S0432,2.88,83.29,5,2.42,0,56.06,19.07,3,79.57,1,4,16,8,0,16,0,36,Moderate Risk
S0962,2.61,75.47,4,2.31,2,42.59,32.41,2,45.76,1,2,9,4,0,19,0,63,High Risk
S0218,3.19,95.8,8,3.48,0,87.58,9.37,7,90.93,2,6,47,9,0,34,0,10,Low Risk
S0204,3.37,85.58,6,3.42,0,82.42,5.93,9,93.91,2,6,29,8,0,40,0,10,Low Risk
S0906,2.35,62.97,7,1.93,1,53.61,41.55,1,62.59,0,3,11,5,1,23,0,63,High Risk
S0923,2.16,64.43,1,1.72,2,56.26,34.73,1,48.24,1,3,14,3,1,27,0,70,High Risk
S0094,3.0,99.95,3,4.0,0,76.73,3.36,10,75.87,3,5,21,10,0,23,0,7,Low Risk
S0911,2.29,62.19,8,2.26,2,45.8,32.4,1,56.05,1,3,9,6,0,21,1,73,High Risk
S0069,4.0,90.99,1,3.46,0,76.17,11.82,5,83.34,1,5,45,10,0,20,0,12,Low Risk
S0895,2.18,72.52,1,1.94,2,30.63,38.42,0,57.44,1,3,6,4,0,26,1,73,High Risk
S0285,3.69,96.76,1,3.41,0,96.64,4.88,8,85.91,2,6,21,10,0,15,0,5,Low Risk
S0697,2.51,74.9,2,2.51,0,71.22,20.96,5,58.5,1,5,10,7,0,23,0,37,Moderate Risk
S0086,3.0,99.82,5,3.28,0,71.32,8.82,4,79.51,2,6,26,9,0,29,0,10,Low Risk
S0435,2.74,72.36,6,2.58,0,59.21,34.58,4,67.86,2,4,21,6,0,26,0,48,Moderate Risk
S0797,1.85,77.63,5,1.5,2,31.24,44.61,0,59.91,0,3,14,5,1,22,1,73,High Risk
S0154,3.02,86.82,6,3.15,0,72.08,14.4,10,76.05,3,5,23,10,0,22,0,12,Low Risk
S0076,3.58,85.2,7,3.21,0,95.44,1.84,6,89.58,2,6,20,10,0,19,0,5,Low Risk
S1043,1.91,76.67,6,2.26,1,40.65,37.03,3,47.83,1,2,9,5,1,26,0,71,High Risk
S0581,2.5,84.71,6,2.92,0,70.15,16.58,4,56.21,1,6,19,5,0,13,0,28,Moderate Risk
S0447,2.47,86.12,4,2.23,0,72.23,18.21,3,72.19,0,4,15,7,0,12,0,35,Moderate Risk
S0704,2.3,82.64,3,3.01,2,70.45,26.75,2,71.06,1,6,21,8,0,32,0,50,High Risk
S0189,3.77,89.28,4,3.33,0,99.86,12.84,10,91.47,1,5,22,8,0,35,0,12,Low Risk
S0272,3.2,87.5,7,2.99,0,77.03,3.29,7,89.3,3,5,34,8,0,15,0,7,Low Risk
S0237,3.15,99.29,2,3.77,0,74.85,7.15,7,81.18,2,7,36,10,0,34,0,10,Low Risk
S0488,2.71,86.78,7,2.52,1,58.54,34.07,2,66.49,1,5,13,6,0,17,0,39,Moderate Risk
S1160,2.3,48.9,2,1.27,2,31.54,63.13,2,33.47,0,1,0,4,3,14,1,83,Extreme Risk
S0560,2.3,80.83,6,2.56,1,71.25,20.85,2,73.72,2,5,17,5,0,33,0,45,Moderate Risk
S0118,3.13,91.74,8,3.43,0,91.2,2.51,7,84.48,2,7,24,8,0,31,0,5,Low Risk
S0638,2.3,78.08,2,2.53,0,53.25,29.31,3,72.15,2,5,19,6,1,21,0,41,Moderate Risk
S1128,1.68,45.09,8,1.97,4,26.38,53.25,0,46.87,0,1,11,1,2,20,1,100,Extreme Risk
S0751,2.69,70.39,8,2.5,0,66.7,16.87,4,64.41,1,6,10,5,0,32,0,38,Moderate Risk
S0513,2.91,74.38,7,3.2,0,60.36,30.25,2,62.16,0,4,13,7,0,34,0,48,Moderate Risk
S0634,2.51,84.78,2,2.56,1,50.99,31.79,5,76.08,1,5,16,8,0,33,0,45,Moderate Risk
S0786,2.29,77.25,4,2.07,1,37.48,52.27,3,35.46,1,3,12,4,2,15,1,59,High Risk
S1007,1.81,63.32,4,1.85,2,58.76,30.54,0,51.29,1,3,16,4,1,18,0,77,Extreme Risk
S0853,2.24,69.58,8,1.5,1,58.98,54.09,1,44.01,0,4,13,5,0,21,0,63,High Risk
S0127,3.59,97.71,4,3.32,0,80.24,5.7,5,88.17,1,7,30,10,0,20,0,10,Low Risk
S0117,3.71,85.14,1,3.21,0,73.93,14.55,10,80.87,3,6,33,9,0,24,0,10,Low Risk
S0474,2.89,87.79,5,2.99,2,54.09,20.99,3,60.33,1,5,18,5,0,13,1,41,Moderate Risk
S0741,3.2,71.71,6,2.39,1,73.23,22.56,3,59.49,0,4,15,7,0,22,0,40,Moderate Risk
S0993,2.18,70.82,7,2.09,1,41.45,42.67,0,47.11,1,3,16,4,2,24,1,66,High Risk
S0058,3.52,97.98,6,3.27,0,84.72,10.84,9,98.23,2,6,38,8,0,26,0,10,Low Risk
S0604,3.12,82.17,3,2.35,1,66.88,23.35,3,75.62,1,5,18,7,0,27,1,33,Moderate Risk
S0787,1.8,61.94,7,1.88,2,31.18,30.36,1,59.82,1,4,12,5,0,17,1,80,Extreme Risk
S0971,2.12,61.64,6,2.17,1,30.58,32.77,0,39.11,0,4,9,3,1,23,1,66,High Risk
S0657,3.2,84.94,3,2.46,1,62.24,30.25,5,62.93,0,4,22,6,0,27,0,41,Moderate Risk
S0903,2.51,61.7,4,2.4,3,47.37,40.75,3,47.69,1,3,7,5,1,10,1,71,High Risk
S0922,1.89,70.16,2,1.93,1,36.25,33.13,2,62.92,0,4,6,6,2,10,1,73,High Risk
S0106,3.09,86.88,4,3.29,0,86.75,3.38,7,76.61,2,5,21,10,0,27,0,7,Low Risk
S0636,2.8,85.32,3,2.68,0,71.38,21.93,5,56.32,1,5,11,6,1,12,0,24,Low Risk
S0370,3.86,89.73,6,3.5,0,75.09,0.76,5,94.94,2,7,32,9,0,29,0,5,Low Risk
S0269,3.0,88.48,1,3.07,0,81.78,8.3,6,83.72,2,5,29,10,0,31,0,12,Low Risk
S0656,2.62,72.28,2,2.22,1,61.56,33.82,4,63.38,1,5,20,8,0,27,0,52,High Risk
S0047,3.43,97.78,6,3.77,0,72.65,11.88,4,78.35,1,7,24,8,0,28,0,10,Low Risk
S0350,3.0,92.34,4,3.22,0,79.46,2.0,6,93.46,2,5,39,8,0,21,0,7,Low Risk
S0774,2.88,82.11,7,2.0,0,69.93,23.86,4,73.55,1,4,18,8,1,29,0,36,Moderate Risk
S0196,3.04,95.78,4,3.61,0,70.05,9.55,10,92.94,3,5,34,9,0,32,0,12,Low Risk
S0103,3.74,89.1,1,3.69,0,70.94,10.97,10,85.49,2,6,38,8,0,19,0,10,Low Risk
S0005,3.47,98.83,8,3.56,0,85.63,14.42,8,84.72,1,5,43,9,0,39,0,12,Low Risk
S0620,2.95,78.17,2,2.41,0,52.88,17.14,5,61.19,1,6,12,6,0,28,0,31,Moderate Risk
S0991,1.8,71.42,1,2.63,2,46.3,54.4,1,60.19,0,4,5,5,2,15,1,80,Extreme Risk
S0053,3.24,90.56,6,3.13,0,92.8,7.97,5,93.69,1,7,26,10,0,29,0,10,Low Risk
S0264,3.54,96.14,8,2.93,0,78.74,11.56,4,98.02,2,5,26,8,0,15,0,12,Low Risk
S1093,2.06,64.23,2,2.0,2,39.83,84.76,0,45.56,0,0,4,2,1,21,1,78,Extreme Risk
S0444,3.2,74.09,3,2.59,0,57.39,16.81,4,70.28,1,6,12,7,0,26,0,31,Moderate Risk
S0972,2.0,62.71,3,1.57,1,46.29,40.83,3,51.37,1,2,11,3,0,20,1,71,High Risk
S0783,2.12,61.02,1,1.5,3,30.64,38.7,3,49.91,0,3,10,4,1,26,1,79,Extreme Risk
S0847,2.44,75.82,5,2.67,2,50.7,52.65,2,36.29,1,2,10,3,0,17,1,68,High Risk
S0692,2.3,81.29,6,2.53,0,51.81,32.57,3,65.42,1,4,15,8,0,30,0,49,Moderate Risk
S0305,3.49,94.41,5,3.41,0,77.96,8.32,8,77.34,2,6,46,8,0,37,0,10,Low Risk
S0342,3.61,89.86,8,3.28,0,76.56,0.9,8,90.15,3,7,46,8,0,30,0,5,Low Risk
S0867,2.17,62.7,2,2.09,2,49.93,36.15,2,44.0,0,4,16,5,1,27,0,73,High Risk
S0314,3.65,87.84,8,3.27,0,89.86,11.27,5,79.43,1,7,45,10,0,30,0,10,Low Risk
S0150,3.7,90.89,2,3.4,0,98.66,11.8,4,98.57,3,5,20,9,0,32,0,12,Low Risk
S0125,3.58,96.97,3,3.51,0,81.27,4.45,10,75.14,1,6,26,10,0,35,0,5,Low Risk
S1063,2.21,68.38,1,1.86,2,59.54,49.26,1,61.74,0,4,12,3,2,20,0,70,High Risk
S0575,2.7,74.21,4,2.16,0,57.87,24.71,2,78.06,1,4,18,5,0,19,0,43,Moderate Risk
S0698,2.72,83.6,3,2.62,1,71.8,28.75,5,68.84,2,5,16,8,0,17,0,37,Moderate Risk
S0665,2.84,75.94,7,2.56,1,68.97,25.65,3,79.89,0,6,24,7,0,30,0,38,Moderate Risk
S0051,3.0,97.33,2,3.45,0,75.31,1.33,4,88.36,1,6,21,8,0,28,0,5,Low Risk
S0727,2.46,71.15,6,2.23,0,56.31,29.64,2,64.93,0,4,15,8,1,21,0,51,High Risk
S0800,2.6,64.57,8,1.86,1,35.99,36.06,1,59.37,0,2,6,4,1,22,0,63,High Risk
S0354,3.58,93.35,3,3.02,0,85.89,10.99,4,99.38,3,6,44,9,0,18,0,10,Low Risk
S1153,1.74,46.07,5,1.55,4,41.21,69.7,0,26.07,0,1,7,3,1,18,1,96,Extreme Risk
S0143,3.0,94.1,1,3.23,0,92.94,2.62,6,98.82,3,5,40,9,0,22,0,7,Low Risk
S0471,2.37,84.37,3,2.84,0,71.43,31.34,5,70.77,1,6,21,7,0,21,0,41,Moderate Risk
S0654,3.2,74.32,5,2.0,0,55.03,18.57,4,73.96,1,6,19,7,0,24,1,31,Moderate Risk
S0400,3.77,90.09,2,3.34,0,78.94,4.81,4,96.11,3,7,43,10,0,33,0,5,Low Risk
S1154,1.78,50.03,1,1.14,5,16.22,69.12,0,48.03,0,3,10,0,1,12,1,95,Extreme Risk
S0938,2.61,66.1,6,2.19,1,42.82,40.26,0,61.68,0,3,5,5,1,21,0,58,High Risk
S0321,3.08,95.33,2,3.37,0,94.62,7.16,8,94.85,1,5,36,9,0,40,0,12,Low Risk
S0020,3.48,96.92,6,3.55,0,90.07,12.96,7,93.06,1,7,36,8,0,26,0,10,Low Risk
S0685,2.82,77.27,4,2.8,0,66.43,23.49,4,73.58,0,4,16,6,0,22,0,36,Moderate Risk
S0036,3.3,98.96,2,3.37,0,86.49,6.62,10,88.65,2,7,31,8,0,24,0,10,Low Risk
S0825,2.29,63.39,7,2.38,2,30.45,38.82,3,56.95,0,3,6,4,0,22,1,73,High Risk
S0506,2.8,72.86,4,2.58,1,71.67,32.88,2,60.39,0,6,19,5,1,29,0,47,Moderate Risk
S0828,2.23,66.58,2,2.24,2,36.93,42.73,1,43.04,1,2,16,5,1,10,1,78,Extreme Risk
S1071,1.93,62.28,4,1.85,1,50.19,50.41,3,41.49,0,2,9,6,0,13,0,75,Extreme Risk
S0408,3.54,90.41,5,3.51,0,72.42,2.21,4,77.24,3,6,44,9,0,38,0,5,Low Risk
S0818,1.94,66.82,8,1.77,2,46.62,43.24,1,39.83,0,4,16,5,0,15,1,80,Extreme Risk
S0538,2.5,81.63,4,2.87,0,51.58,17.63,2,70.19,1,5,19,6,0,25,1,33,Moderate Risk
S0759,3.0,75.52,5,2.8,2,71.04,27.95,3,67.3,1,5,21,7,0,12,0,37,Moderate Risk
S1069,1.8,72.69,2,2.35,1,45.31,43.02,3,54.8,0,3,12,3,2,18,1,73,High Risk
S0893,2.38,62.21,8,2.19,3,43.05,48.18,3,35.73,0,3,8,3,0,19,0,79,Extreme Risk
S0039,3.0,91.08,6,3.17,0,73.56,1.76,4,93.61,2,6,44,10,0,31,0,5,Low Risk
S0176,3.66,93.08,4,3.28,0,81.16,6.78,6,84.51,2,7,30,9,0,22,0,10,Low Risk
S0246,3.6,91.34,2,3.44,0,94.54,3.79,6,79.54,1,7,34,9,0,18,0,5,Low Risk
S0811,2.38,73.22,1,2.0,2,53.08,36.12,1,53.2,0,3,16,4,1,27,0,70,High Risk
S1085,1.68,41.01,1,1.68,4,33.09,79.98,1,25.19,0,2,2,3,2,21,1,96,Extreme Risk
S1078,2.2,67.6,5,1.5,3,50.96,47.3,1,40.61,0,3,13,3,2,16,1,76,Extreme Risk
S0785,2.17,66.14,7,1.5,2,39.59,34.19,0,51.68,0,4,15,3,0,16,1,73,High Risk
S1185,1.88,51.58,1,1.22,2,27.48,58.83,0,31.95,0,0,9,0,3,14,1,94,Extreme Risk
S0490,2.89,79.38,4,2.72,1,52.24,23.36,2,55.02,2,5,17,8,1,20,0,40,Moderate Risk
S0155,3.39,98.8,8,3.0,0,89.69,1.92,10,77.77,2,5,44,10,0,28,0,7,Low Risk
S0639,2.3,72.55,1,2.56,1,72.32,23.96,4,78.77,1,5,13,6,1,27,0,52,High Risk
S0663,2.81,71.15,8,2.21,0,60.5,18.84,5,55.55,1,6,24,6,1,24,0,38,Moderate Risk
S0854,2.3,66.86,6,1.5,1,57.15,44.0,3,58.07,1,4,13,6,0,23,0,63,High Risk
S0288,3.8,85.58,7,3.49,0,70.16,14.08,8,96.61,2,5,23,8,0,33,0,12,Low Risk
S0626,3.2,78.89,3,2.76,0,59.85,21.33,5,69.28,2,6,16,7,0,33,0,24,Low Risk
S1200,2.17,62.41,6,2.12,4,31.55,69.28,1,31.13,0,2,9,0,3,21,1,84,Extreme Risk
S0686,3.2,77.54,6,3.06,0,68.35,15.62,2,58.74,0,6,18,7,1,23,0,24,Low Risk
S0873,2.08,73.65,6,2.59,2,58.11,32.19,1,64.44,0,3,12,4,1,19,1,70,High Risk
S0570,2.85,77.49,6,2.5,0,52.63,28.77,2,67.93,2,6,18,7,0,34,1,31,Moderate Risk
S1144,1.88,43.15,3,1.13,3,22.0,57.91,2,22.29,0,1,4,4,1,18,1,100,Extreme Risk
S0735,2.47,80.77,8,2.58,0,70.85,15.16,5,68.73,1,4,22,6,0,32,1,41,Moderate Risk
S0793,2.23,71.21,5,2.06,1,51.16,37.29,1,56.75,1,2,12,4,1,11,1,68,High Risk
S0018,3.49,85.08,8,3.09,0,84.57,6.73,8,80.61,2,5,33,8,0,30,0,12,Low Risk
S0128,3.66,92.82,5,3.59,0,70.23,9.71,7,98.87,2,7,34,8,0,27,0,10,Low Risk
S0323,3.24,91.31,2,3.37,0,84.27,6.12,9,91.35,2,5,44,9,0,28,0,12,Low Risk
S0256,3.0,99.56,5,3.32,0,86.66,2.85,7,85.57,1,7,46,10,0,24,0,5,Low Risk
S0944,2.43,60.9,5,1.8,3,47.04,34.13,0,57.53,0,4,10,3,1,24,0,79,Extreme Risk
S1180,1.25,60.37,5,1.8,4,10.23,84.64,2,21.84,0,1,2,0,1,19,1,95,Extreme Risk
S0191,4.0,94.47,4,2.97,0,89.19,10.15,7,77.61,1,5,22,9,0,26,0,12,Low Risk
S0116,3.19,91.56,6,3.26,0,83.36,7.72,4,91.57,1,5,46,8,0,39,0,12,Low Risk
S1174,1.87,63.73,4,1.66,3,29.82,58.33,0,37.19,0,0,5,1,3,16,1,95,Extreme Risk
S0889,2.07,66.4,5,2.0,2,49.91,40.36,2,60.89,0,2,9,3,1,24,0,78,Extreme Risk
S0607,2.66,86.22,7,2.89,1,51.02,25.55,3,79.59,1,6,16,6,0,34,0,32,Moderate Risk
S0181,3.49,99.82,2,3.17,0,83.78,5.37,5,95.48,3,6,45,8,0,38,0,10,Low Risk
S0302,3.48,93.69,2,2.92,0,82.08,14.55,4,93.54,1,7,25,8,0,17,0,10,Low Risk
S0497,3.17,75.79,4,2.77,1,56.74,29.05,5,66.34,0,5,19,6,0,32,0,33,Moderate Risk
S0349,3.27,87.07,8,2.8,0,99.62,6.66,8,77.19,1,6,22,8,0,40,0,10,Low Risk
S1036,2.26,69.22,5,2.08,1,41.69,30.02,3,43.73,1,2,5,6,1,24,0,71,High Risk
S0983,2.53,63.84,6,2.01,3,37.46,45.33,1,48.22,0,4,8,6,1,23,1,71,High Risk
S0745,2.94,81.61,5,3.0,1,56.88,25.14,3,69.67,2,4,24,8,0,23,0,43,Moderate Risk
S1152,1.43,47.03,7,1.79,3,10.37,73.57,2,24.67,0,1,6,0,2,12,1,100,Extreme Risk
S0518,2.5,85.43,1,2.03,1,69.91,26.66,5,56.49,2,5,15,5,0,15,0,34,Moderate Risk
S0373,3.32,93.23,5,2.98,0,87.06,0.89,7,91.89,1,6,27,10,0,37,0,5,Low Risk
S0046,3.31,86.94,3,2.82,0,76.22,13.17,5,83.95,1,6,45,9,0,36,0,10,Low Risk
S0477,2.96,84.64,4,2.53,1,65.75,23.35,2,70.67,0,5,14,7,0,22,0,40,Moderate Risk
S0158,3.37,95.89,3,3.27,0,84.65,2.26,7,93.32,2,5,20,10,0,36,0,7,Low Risk
S1047,1.91,61.85,8,1.93,2,52.12,33.2,2,64.41,0,4,7,5,0,17,1,77,Extreme Risk
S0172,3.0,86.71,2,3.65,0,82.54,1.33,9,89.03,2,5,48,9,0,40,0,7,Low Risk
S0017,3.7,87.83,1,3.35,0,91.78,13.46,9,94.5,2,7,36,9,0,22,0,10,Low Risk
S0512,3.2,70.53,8,2.89,1,59.0,16.53,4,57.04,0,4,18,7,0,21,0,43,Moderate Risk
S0049,3.32,92.85,1,3.46,0,74.41,13.9,5,94.22,1,5,21,9,0,35,0,12,Low Risk
S0192,3.44,96.15,1,3.47,0,82.21,13.37,5,84.05,2,6,46,10,0,24,0,10,Low Risk
S0547,2.6,75.14,7,2.01,2,54.7,17.96,3,56.43,0,5,12,5,0,28,0,47,Moderate Risk
S0516,2.85,86.42,3,2.54,1,67.95,26.63,2,79.2,2,4,22,8,0,30,0,37,Moderate Risk
S0978,2.27,77.22,7,2.58,3,32.52,42.92,0,59.07,1,2,7,5,1,15,1,77,Extreme Risk
S0939,2.24,66.2,3,2.25,2,59.68,52.22,3,63.76,0,2,14,6,2,16,0,75,Extreme Risk
S0829,2.5,73.62,3,1.85,2,55.7,42.05,3,49.59,0,2,17,4,1,10,0,67,High Risk
S0984,1.8,71.84,6,2.17,1,48.65,31.62,3,43.56,0,4,16,3,1,21,0,73,High Risk
S0481,3.17,81.14,1,2.8,0,56.15,33.3,3,66.58,1,6,23,6,1,27,0,29,Moderate Risk
S1129,1.79,43.43,5,1.65,3,16.65,72.81,1,28.76,0,0,3,4,1,11,1,100,Extreme Risk
S0284,3.57,96.41,6,3.49,0,93.21,11.22,4,85.81,1,7,41,9,0,35,0,10,Low Risk
S1030,2.48,66.47,2,2.64,3,35.6,34.96,0,62.27,0,2,17,5,1,11,0,84,Extreme Risk
S0798,1.96,77.2,6,2.2,1,45.67,30.18,0,52.31,0,2,7,5,2,15,1,71,High Risk
S0940,2.54,63.88,3,1.54,1,43.81,52.67,1,47.95,1,3,10,6,1,17,1,58,High Risk
S0226,3.72,90.93,8,2.89,0,87.38,1.28,6,84.19,1,6,41,9,0,35,0,5,Low Risk
S0027,3.93,85.87,2,3.1,0,77.51,8.24,4,91.5,1,5,26,10,0,19,0,12,Low Risk
S0283,3.43,94.55,1,3.28,0,94.78,6.95,9,80.47,2,6,29,10,0,35,0,10,Low Risk
S1150,1.97,46.44,6,1.12,4,21.03,75.69,1,23.77,0,2,2,4,2,10,1,100,Extreme Risk
S0438,2.3,72.99,4,2.55,0,70.51,15.14,5,67.13,0,4,19,6,0,30,0,48,Moderate Risk
S1168,1.76,41.01,1,2.2,3,24.82,82.41,2,46.67,0,3,8,0,3,18,1,95,Extreme Risk
S0365,3.55,89.25,3,3.47,0,90.0,1.2,8,75.31,1,6,47,8,0,29,0,5,Low Risk
S0230,3.51,93.2,8,3.53,0,93.41,6.87,9,78.81,3,5,28,8,0,16,0,12,Low Risk
S0038,3.3,98.62,5,3.44,0,81.29,1.25,8,84.45,2,6,45,10,0,21,0,5,Low Risk
S0670,2.69,84.06,7,2.48,1,74.22,16.9,4,68.93,1,4,19,7,0,25,1,40,Moderate Risk
S0750,2.95,76.97,8,2.58,0,64.88,32.44,4,79.86,2,4,11,7,0,24,0,41,Moderate Risk
S1181,1.35,64.61,6,1.42,2,32.95,81.89,0,26.16,0,3,5,3,2,14,1,80,Extreme Risk
S0375,3.62,87.98,3,2.93,0,76.3,11.13,6,83.87,2,7,25,10,0,23,0,10,Low Risk
S0470,3.05,81.32,7,2.94,0,54.3,23.62,5,69.24,2,5,10,5,0,27,0,26,Moderate Risk
S0883,2.28,68.81,2,1.96,1,59.98,37.71,2,44.72,0,4,10,4,2,23,1,63,High Risk
S1182,2.3,50.39,5,2.04,3,27.11,73.3,0,40.12,0,0,5,1,1,17,1,93,Extreme Risk
S0688,2.87,72.29,6,2.78,1,72.69,31.93,4,68.91,1,6,15,5,0,16,0,47,Moderate Risk
S0033,3.0,93.53,3,3.72,1,82.38,5.58,10,89.51,3,5,31,8,0,37,0,19,Low Risk
S1011,2.11,67.8,1,1.92,2,56.63,44.16,0,43.41,1,3,17,4,1,12,1,70,High Risk
S1176,1.89,41.91,4,2.2,2,27.8,52.89,1,36.4,0,2,8,3,2,16,1,94,Extreme Risk
S0195,3.27,95.13,6,3.32,1,73.94,4.12,4,84.75,2,5,40,8,0,26,0,14,Low Risk
S1106,1.23,41.42,1,1.45,2,32.96,54.19,1,43.38,0,2,7,4,2,19,1,90,Extreme Risk
S1114,1.87,48.64,2,1.68,2,42.04,79.84,1,24.59,0,2,1,2,3,12,1,90,Extreme Risk
S1064,2.02,69.82,4,2.25,3,48.22,30.01,0,53.97,0,4,8,5,1,17,1,79,Extreme Risk
S0504,2.45,77.24,8,2.23,1,72.22,28.85,5,63.77,1,4,11,6,0,26,0,48,Moderate Risk
S0916,2.12,73.53,1,1.82,2,56.2,39.32,2,39.74,1,3,13,3,1,18,1,70,High Risk
S0977,1.94,74.28,4,1.82,1,40.57,34.34,1,53.76,0,4,16,5,1,19,0,73,High Risk
S1183,1.22,42.55,1,1.66,3,37.1,66.46,0,46.9,0,2,6,3,1,19,1,96,Extreme Risk
S1088,1.86,46.06,5,1.72,2,25.04,52.21,1,26.22,0,2,4,2,1,16,1,94,Extreme Risk
S0801,1.94,74.15,2,2.2,3,53.42,37.17,1,38.8,0,3,13,4,2,26,1,83,Extreme Risk
S0580,2.96,72.93,8,2.72,0,61.01,31.66,3,77.6,1,5,10,8,1,27,1,45,Moderate Risk
S0161,3.16,99.37,1,3.49,0,92.69,12.63,9,96.92,3,7,48,9,0,38,0,10,Low Risk
S0681,2.3,71.08,8,2.6,0,64.85,17.97,4,58.6,0,4,20,7,1,28,0,51,High Risk
S1198,2.06,48.49,5,1.37,3,16.29,68.9,2,40.0,0,1,10,4,3,10,1,93,Extreme Risk
S0163,3.94,86.56,2,3.32,0,86.82,9.05,5,89.98,2,7,36,10,0,28,0,10,Low Risk
S0822,2.02,66.55,4,1.5,2,57.96,47.93,3,42.97,0,2,5,6,0,27,1,75,Extreme Risk
S0706,2.63,71.87,1,2.56,1,57.31,28.68,4,76.79,1,6,19,7,0,15,1,45,Moderate Risk
S1009,1.8,64.22,2,1.71,3,54.71,45.95,1,44.72,0,2,11,5,2,19,0,88,Extreme Risk
S0878,1.89,68.08,4,2.58,2,59.38,41.61,0,54.05,1,4,6,6,2,14,0,77,Extreme Risk
S0896,2.0,75.97,7,1.91,2,38.14,53.69,0,38.55,1,2,11,4,1,14,1,71,High Risk
S0914,1.95,64.7,6,1.76,3,54.79,38.35,0,44.82,0,3,6,6,0,25,0,83,Extreme Risk
S1199,2.19,47.83,3,1.63,5,15.36,84.5,2,23.51,0,3,6,0,1,15,1,88,Extreme Risk
S0153,3.26,86.48,6,3.17,0,72.06,6.36,10,77.05,3,7,27,8,0,23,0,10,Low Risk
S0979,2.03,63.91,6,2.8,3,59.18,49.53,2,50.64,1,2,17,5,1,23,0,81,Extreme Risk
S1003,1.8,69.75,6,2.0,3,34.45,51.38,1,41.5,1,3,10,4,1,18,1,86,Extreme Risk
S0510,2.6,87.13,5,2.29,2,67.46,20.88,3,57.08,1,5,15,7,1,18,0,41,Moderate Risk
S0112,3.09,96.85,7,3.14,0,74.85,0.31,6,80.71,3,5,46,10,0,24,0,7,Low Risk
S0227,3.62,85.22,5,3.15,0,95.15,10.64,9,85.34,2,7,25,8,0,26,0,10,Low Risk
S0986,2.06,61.09,7,2.21,2,47.03,54.28,2,42.13,0,3,17,4,0,22,1,73,High Risk
S0852,2.02,73.81,5,2.2,1,49.64,50.06,2,52.86,0,2,11,6,0,26,1,71,High Risk
S0104,3.39,98.41,7,3.37,0,76.01,13.02,7,89.07,2,7,27,9,0,39,0,10,Low Risk
S0422,2.3,83.04,6,2.36,0,61.87,21.73,4,56.02,0,6,11,6,0,21,0,39,Moderate Risk
S0420,3.71,98.48,2,3.6,0,97.68,11.43,5,79.59,1,7,50,8,0,26,0,10,Low Risk
S0625,3.11,83.48,8,2.75,1,63.39,25.87,3,65.89,0,4,13,6,0,22,0,36,Moderate Risk
S0587,3.2,74.82,1,2.0,1,66.89,30.55,4,63.23,0,4,19,5,1,28,1,48,Moderate Risk
S1061,2.59,60.28,3,1.5,2,44.68,42.22,2,61.65,0,2,10,3,0,23,1,70,High Risk
S0920,1.8,65.57,7,2.8,3,30.9,53.95,0,61.31,0,4,11,4,0,16,1,86,Extreme Risk
S0673,2.95,86.2,3,2.62,0,73.82,23.88,3,62.17,0,6,11,5,0,32,0,22,Low Risk
S0120,3.21,86.33,1,3.14,0,71.25,2.23,8,87.0,2,6,21,8,0,32,0,5,Low Risk
S0054,3.54,85.46,2,3.5,0,85.98,3.64,4,93.44,1,7,44,8,0,21,0,5,Low Risk
S0152,3.29,86.07,8,3.36,0,85.26,5.81,10,82.41,1,7,38,10,0,33,0,10,Low Risk
S0404,3.67,97.79,3,3.62,0,74.24,11.45,4,87.7,2,6,48,9,0,17,0,10,Low Risk
S1189,2.17,51.88,5,1.69,4,40.67,80.93,0,32.85,0,0,5,4,2,12,1,89,Extreme Risk
S0208,3.72,91.92,7,3.11,0,71.18,7.13,7,97.67,1,7,40,9,0,25,0,10,Low Risk
S1135,1.65,41.06,2,1.52,4,39.81,62.63,0,42.23,0,2,5,4,2,21,1,96,Extreme Risk
S0659,2.55,80.36,8,2.42,0,58.1,26.74,4,76.31,0,5,21,8,0,23,0,33,Moderate Risk
S1097,1.45,52.37,3,1.55,5,42.84,50.44,1,48.26,0,2,11,0,2,13,1,96,Extreme Risk
S0233,3.77,93.08,7,3.03,0,71.87,2.21,8,87.43,1,6,20,9,0,20,0,5,Low Risk
S0009,3.35,88.03,8,3.01,0,79.43,7.63,9,78.48,2,7,30,8,0,18,0,10,Low Risk
S0160,3.34,97.0,3,3.04,0,92.27,12.23,6,79.7,1,5,28,9,0,24,0,12,Low Risk
S0037,3.43,97.58,6,3.32,0,72.18,12.33,5,78.67,2,6,38,8,0,15,0,10,Low Risk
S0453,2.83,74.94,3,3.07,0,62.96,29.44,2,69.23,1,5,12,8,0,24,0,40,Moderate Risk
S0652,2.4,70.61,1,2.73,0,50.66,21.71,2,55.63,1,5,11,7,1,23,1,48,Moderate Risk
S0254,3.0,95.99,6,3.63,0,77.41,5.34,5,85.82,2,5,46,9,0,29,0,12,Low Risk
S0304,3.75,96.94,6,3.36,0,70.76,3.79,8,96.85,1,6,23,8,0,27,0,5,Low Risk
S0897,1.95,68.36,4,1.51,1,59.11,43.79,2,49.87,0,4,11,5,1,22,1,70,High Risk
S1049,1.96,69.01,2,1.53,1,48.54,41.5,1,52.08,0,3,10,5,1,10,1,73,High Risk
S0881,2.34,61.05,3,1.85,1,54.68,43.51,1,40.48,1,4,16,4,1,26,1,63,High Risk
S0572,2.96,81.81,5,2.82,1,56.62,33.67,4,70.65,2,5,22,5,0,31,0,45,Moderate Risk
S0624,2.36,80.28,7,2.61,0,53.41,18.93,3,62.25,0,4,15,8,1,21,0,44,Moderate Risk
S1145,1.96,56.74,8,0.98,2,44.77,64.01,2,36.82,0,0,9,2,2,19,1,90,Extreme Risk
S1031,2.1,73.43,2,2.26,1,44.68,48.67,3,64.71,0,3,11,3,0,19,1,66,High Risk
S1146,2.3,51.15,6,1.24,4,41.62,50.3,1,47.65,0,1,4,1,1,16,1,89,Extreme Risk
S0263,3.11,88.23,1,2.8,0,72.43,14.27,5,97.12,1,7,50,8,0,38,0,10,Low Risk
S0611,2.79,80.0,3,2.23,0,69.2,29.94,2,70.52,1,4,19,8,1,30,1,36,Moderate Risk
S0298,3.29,90.14,7,3.4,0,78.14,1.48,10,82.56,2,6,24,9,0,24,0,5,Low Risk
S0990,2.7,64.36,3,2.37,1,36.03,34.65,0,55.39,0,3,11,3,1,16,1,58,High Risk
S0415,3.74,92.66,8,3.67,0,71.18,14.66,10,83.34,1,6,39,10,0,28,0,10,Low Risk
S0151,4.0,94.89,3,3.12,0,76.81,13.34,10,87.96,1,5,42,8,0,22,0,12,Low Risk
S0946,2.06,70.8,1,2.43,1,37.82,43.46,0,50.84,0,3,6,6,0,19,0,66,High Risk
S0473,2.65,70.83,2,2.66,2,56.74,31.39,2,75.14,0,6,23,5,1,16,0,57,High Risk
S0953,2.42,65.38,1,2.08,2,52.96,51.0,2,44.33,0,2,6,4,2,24,1,75,Extreme Risk
S0988,2.27,74.98,6,2.6,1,41.51,53.51,3,36.02,1,3,13,5,1,12,1,66,High Risk
S0779,2.73,83.49,7,2.73,2,50.21,29.72,4,72.56,0,6,24,6,0,28,1,45,Moderate Risk
S0641,2.3,81.28,2,2.5,0,57.63,34.47,2,67.07,1,5,16,5,0,27,0,46,Moderate Risk
S1190,1.69,54.13,6,1.67,2,24.17,81.48,0,26.14,0,2,0,2,3,9,1,94,Extreme Risk
S1143,1.7,63.29,6,1.73,2,16.31,81.55,0,31.79,0,2,8,3,1,11,1,89,Extreme Risk
S0551,2.3,85.39,7,2.66,2,72.71,30.63,2,57.68,1,5,18,8,0,18,0,51,High Risk
S0640,2.38,75.76,3,2.65,0,54.78,23.82,2,61.19,2,5,18,8,1,18,1,41,Moderate Risk
S0936,2.38,69.6,4,1.5,3,48.98,36.05,2,37.99,1,2,5,4,1,11,1,84,Extreme Risk
S0929,1.8,60.25,7,2.3,2,55.16,44.59,1,53.85,0,3,17,6,1,25,0,77,Extreme Risk
S0489,2.75,85.48,3,3.0,1,53.93,34.25,5,74.06,1,6,22,5,1,14,0,37,Moderate Risk
S0820,2.16,77.33,6,2.3,2,56.06,43.41,2,42.69,1,2,15,6,1,13,1,68,High Risk
S0711,2.44,77.18,5,2.48,1,51.03,22.58,5,56.78,1,6,14,5,0,34,0,46,Moderate Risk
S1081,1.88,53.13,8,2.2,4,35.17,54.43,1,21.1,0,0,3,4,2,11,1,96,Extreme Risk
S0148,3.33,96.86,5,2.99,0,74.11,8.03,4,83.09,3,5,40,8,0,32,0,12,Low Risk
S0147,3.66,91.07,8,3.5,0,81.03,6.21,9,79.42,1,5,49,10,0,16,0,12,Low Risk
S1175,1.8,57.57,8,1.7,4,22.91,60.28,2,42.52,0,1,6,1,2,14,1,100,Extreme Risk
S0963,2.22,72.94,6,1.71,1,55.28,37.11,0,57.39,0,3,8,6,0,23,0,63,High Risk
S0346,3.79,88.8,5,3.85,0,76.54,9.93,6,89.84,1,6,31,8,0,27,0,10,Low Risk
S0403,3.54,91.17,1,3.61,0,86.41,1.31,5,80.51,1,7,45,8,0,21,0,5,Low Risk
S0932,2.18,76.63,3,2.48,1,53.78,33.26,3,64.26,1,4,17,3,1,26,1,56,High Risk
S0955,2.33,67.27,7,2.4,3,54.85,54.51,0,53.48,0,2,13,3,0,25,1,81,Extreme Risk
S1125,2.04,52.55,5,1.58,3,33.92,70.58,2,26.39,0,3,5,4,1,20,1,84,Extreme Risk
S0660,2.46,87.27,4,2.66,0,51.61,26.55,5,66.25,2,6,14,5,0,34,0,33,Moderate Risk
S0464,3.08,75.88,1,2.69,0,74.87,34.33,2,73.38,1,6,22,5,1,21,0,26,Moderate Risk
S0187,3.67,89.22,7,3.14,0,76.55,1.8,7,77.41,1,5,43,8,0,28,0,7,Low Risk
S0609,2.54,71.98,7,2.76,0,66.06,15.77,5,76.05,0,5,18,6,0,27,0,40,Moderate Risk
S0144,3.69,88.49,5,2.8,0,98.97,6.49,8,98.41,3,5,47,10,0,20,0,12,Low Risk
S0752,2.89,78.61,7,2.6,1,64.07,33.9,5,77.94,2,5,14,5,0,14,0,45,Moderate Risk
S0982,2.64,74.64,8,2.75,2,39.78,44.36,0,64.88,0,3,14,5,2,20,0,65,High Risk
S0198,3.77,90.43,3,3.65,0,85.06,2.08,4,90.31,3,6,46,8,0,16,0,5,Low Risk
S0884,2.47,71.18,7,1.5,2,55.64,39.54,3,40.22,0,4,8,3,1,26,1,70,High Risk
S0280,3.74,85.22,3,3.53,0,92.27,2.55,4,83.67,1,6,36,10,0,17,0,5,Low Risk
S0294,3.06,97.94,7,3.49,0,81.26,12.0,10,78.13,1,5,29,8,0,29,0,12,Low Risk
S1089,1.87,50.18,7,1.48,4,31.37,57.87,0,38.85,0,0,9,4,3,17,1,96,Extreme Risk
S0401,3.37,96.07,8,2.91,0,95.62,0.2,7,94.24,3,7,36,8,0,37,0,5,Low Risk
S0123,3.28,96.93,4,3.38,0,76.47,9.88,8,91.67,2,6,47,9,0,32,0,10,Low Risk
S0203,3.73,94.09,2,2.94,0,87.41,8.4,10,92.21,1,5,49,10,0,17,0,12,Low Risk
S0836,2.36,69.13,1,2.42,3,55.56,43.11,1,40.99,0,2,9,4,1,23,0,81,Extreme Risk
S0247,3.84,94.92,3,2.8,0,92.61,0.31,5,94.52,2,7,29,9,0,39,0,5,Low Risk
S1140,2.23,63.69,3,1.18,4,33.9,81.62,1,31.52,0,3,6,0,3,10,1,79,Extreme Risk
S0385,3.74,87.15,3,3.08,0,81.3,5.09,4,97.58,1,7,27,9,0,30,0,10,Low Risk
S0855,2.37,70.59,5,2.02,2,59.68,36.81,3,36.38,0,4,10,5,0,12,1,70,High Risk
S0220,3.15,85.0,2,3.64,0,91.45,8.9,4,76.57,3,5,25,8,0,26,0,12,Low Risk
S0642,2.69,71.94,3,2.57,2,71.68,19.67,2,69.18,1,5,14,8,0,16,0,51,High Risk
S0002,3.47,85.01,4,3.34,0,79.13,7.87,7,75.58,2,7,29,10,0,29,0,10,Low Risk
S0113,3.0,91.28,7,3.16,0,83.88,13.02,10,85.4,3,5,23,9,0,34,0,12,Low Risk
S0699,2.69,79.25,8,2.34,1,68.37,17.21,2,55.96,1,4,15,7,0,34,0,43,Moderate Risk
S0952,2.63,66.98,2,1.91,1,31.94,48.47,3,52.11,0,3,13,3,1,11,0,58,High Risk
S1079,2.02,72.41,6,2.78,1,59.34,47.6,2,58.04,0,4,11,4,0,25,1,63,High Risk
S0442,2.53,75.46,7,2.52,1,59.82,20.17,2,77.74,0,5,12,7,0,33,0,40,Moderate Risk
S0664,2.33,82.4,6,2.5,2,57.74,19.84,3,71.84,0,6,12,7,1,26,0,53,High Risk
S1197,1.79,58.08,7,1.44,2,24.19,56.44,1,47.68,0,2,9,0,2,12,1,94,Extreme Risk
S0318,3.97,91.16,2,3.37,0,70.32,12.4,8,94.5,1,5,42,8,0,38,0,12,Low Risk
S0649,2.78,75.84,8,2.01,0,63.7,29.05,2,57.54,0,6,10,6,0,13,0,31,Moderate Risk
S0710,2.56,79.31,8,3.06,1,67.96,25.47,4,73.07,0,6,15,8,1,14,1,38,Moderate Risk
S0973,1.85,66.77,3,2.16,1,35.95,48.32,1,57.87,0,3,10,5,1,13,0,73,High Risk
S0628,3.01,70.89,1,2.0,1,69.22,23.94,2,57.84,1,4,16,8,1,33,0,43,Moderate Risk
S0633,2.82,86.44,3,2.36,0,52.92,20.46,5,61.49,0,5,13,5,1,21,0,27,Moderate Risk
S1172,1.96,51.14,7,2.19,5,29.78,71.4,1,28.56,0,0,0,2,3,20,1,100,Extreme Risk
S1107,1.62,50.22,3,1.37,2,36.31,50.62,2,42.74,0,3,5,1,3,12,1,85,Extreme Risk
S0796,2.21,75.72,3,2.8,1,39.13,42.86,0,63.27,1,4,16,5,2,21,1,59,High Risk
S0646,2.57,86.85,2,2.42,0,50.49,17.7,3,63.38,0,4,15,8,1,24,0,30,Moderate Risk
S1013,2.01,61.0,1,1.5,2,46.96,40.91,2,43.86,0,3,6,3,2,26,0,73,High Risk
S0557,2.3,71.68,4,2.93,0,51.34,23.91,2,62.93,1,5,23,6,0,20,1,48,Moderate Risk
S0682,2.3,71.56,5,2.84,1,63.09,15.49,2,61.6,0,5,15,5,0,18,0,55,High Risk
S0578,2.83,77.9,4,2.61,0,72.38,34.44,2,68.66,1,5,20,8,0,18,0,35,Moderate Risk
S0525,2.4,77.0,5,2.84,0,59.3,15.52,4,68.11,2,6,10,7,0,22,0,39,Moderate Risk
S1060,2.45,64.78,1,1.7,2,47.29,53.81,1,39.48,1,2,9,3,1,15,1,78,Extreme Risk
S0541,2.93,84.83,3,2.31,0,53.85,29.11,4,60.77,0,4,12,5,1,33,0,36,Moderate Risk
S0749,2.71,78.42,5,2.59,2,52.61,34.65,2,72.66,0,5,18,8,0,32,0,52,High Risk
S1110,1.72,55.66,7,1.84,2,11.28,56.5,1,43.39,0,0,6,1,1,17,1,94,Extreme Risk
S0485,2.79,75.39,8,2.42,0,67.01,31.51,3,79.51,1,4,10,5,0,29,0,41,Moderate Risk
S0096,3.41,99.43,8,3.11,0,72.28,12.77,8,87.01,2,6,22,9,0,22,0,10,Low Risk
S1021,2.05,73.55,7,1.56,1,36.25,41.14,3,42.05,0,3,15,3,2,16,0,66,High Risk
S0564,2.75,81.1,8,2.5,0,66.67,20.69,5,70.9,1,6,21,6,0,23,0,31,Moderate Risk
S0743,2.82,73.1,1,2.59,2,51.96,33.67,2,60.68,0,4,12,7,0,20,0,62,High Risk
S0864,2.45,60.19,7,1.8,2,53.88,45.24,2,60.04,0,4,9,5,1,27,1,70,High Risk
S0892,2.61,68.25,2,2.76,2,40.29,40.46,1,43.45,0,4,10,3,0,21,1,65,High Risk
S1039,1.99,77.05,6,1.73,2,36.57,48.02,1,41.36,0,2,7,4,1,23,0,78,Extreme Risk
S0207,3.45,87.48,7,3.68,0,83.32,9.39,6,80.18,2,7,47,9,0,22,0,10,Low Risk
S0393,3.0,98.04,6,2.88,0,82.67,11.78,6,97.38,3,5,30,8,0,30,0,12,Low Risk
S0795,2.16,65.73,6,1.5,2,33.89,48.75,2,64.52,0,3,9,3,2,21,1,73,High Risk
S0871,1.97,70.18,8,2.21,1,47.71,48.58,3,46.96,0,3,16,5,1,10,0,73,High Risk
S0398,3.0,96.74,4,3.44,1,95.73,1.46,8,88.37,3,7,31,9,0,33,0,12,Low Risk
S0767,2.72,83.25,6,2.87,1,62.03,16.57,5,63.4,0,4,14,5,0,20,0,43,Moderate Risk
S1100,2.3,47.69,1,2.03,5,32.97,84.43,1,32.21,0,1,6,0,2,15,1,89,Extreme Risk
S1029,2.21,62.77,7,2.03,2,53.22,54.3,1,35.64,1,2,15,5,0,21,1,75,Extreme Risk
S0643,3.16,77.27,8,2.88,0,67.59,27.9,3,68.78,1,5,24,7,1,26,0,26,Moderate Risk
S0613,2.7,70.29,1,2.53,0,59.17,19.74,3,69.55,0,6,20,6,1,24,0,38,Moderate Risk
S0961,2.11,69.55,1,1.62,3,55.99,52.26,2,40.23,0,3,13,6,2,17,0,76,Extreme Risk
S0726,2.49,81.28,2,3.2,1,63.72,25.77,2,66.12,1,4,22,6,1,27,0,51,High Risk
S0684,2.99,77.68,2,2.23,1,51.6,15.63,5,77.08,1,4,17,5,1,23,0,43,Moderate Risk
S0099,3.16,87.9,5,3.56,0,99.44,9.48,10,84.42,1,5,22,9,0,33,0,12,Low Risk
S0805,2.23,71.64,8,2.4,3,55.43,38.33,0,54.43,0,2,10,6,1,26,1,81,Extreme Risk
S0407,3.64,87.9,3,3.59,0,75.4,1.65,10,85.33,1,6,50,9,0,15,0,5,Low Risk
S0503,2.75,72.81,1,2.72,2,52.34,34.1,5,72.58,1,5,20,6,0,31,1,59,High Risk
S1072,2.1,70.11,7,2.34,2,36.99,53.25,3,53.82,0,2,14,4,1,12,0,78,Extreme Risk
S1057,2.27,73.78,4,1.5,2,49.52,39.87,2,44.97,0,4,14,5,2,25,1,73,High Risk
S0930,1.8,61.88,7,1.84,3,31.18,54.7,1,40.51,0,3,11,5,2,13,1,86,Extreme Risk
S0780,2.89,87.27,3,2.65,1,57.29,26.25,5,67.98,2,4,12,6,0,19,0,37,Moderate Risk
S0201,3.56,97.86,7,3.45,0,72.97,13.34,5,84.25,1,5,43,10,0,16,0,12,Low Risk
S0135,3.0,98.58,5,3.61,0,72.57,13.41,6,85.03,1,6,28,10,0,18,0,10,Low Risk
S1052,2.07,69.4,1,2.73,1,55.68,35.77,1,52.47,0,2,7,3,1,13,0,68,High Risk
S0041,3.41,94.44,6,3.45,0,99.87,10.45,6,97.53,1,6,35,9,0,26,0,10,Low Risk
S1018,2.18,61.4,3,2.33,2,44.31,37.81,0,41.6,1,4,15,4,1,22,0,73,High Risk
S0231,3.21,85.9,4,4.0,0,98.73,14.14,8,88.27,2,7,34,9,0,23,0,10,Low Risk
S0379,3.5,93.58,3,3.36,0,75.44,11.86,5,82.66,2,6,40,9,0,20,0,10,Low Risk
S0289,3.93,90.84,4,3.15,0,96.05,5.69,5,83.55,2,7,24,10,0,35,0,10,Low Risk
S0419,3.07,95.44,6,3.03,0,77.77,0.79,5,77.53,2,7,38,8,0,26,0,5,Low Risk
S0392,3.38,90.36,1,3.37,0,75.02,6.94,10,87.64,2,6,33,10,0,36,0,10,Low Risk
S0593,2.61,81.95,8,2.41,1,55.4,18.67,3,60.26,0,6,12,5,1,12,0,38,Moderate Risk
S1087,2.02,63.01,6,1.77,3,20.64,50.3,2,20.32,0,3,8,4,2,15,1,83,Extreme Risk
S0648,2.46,71.91,3,3.01,0,57.38,29.67,3,75.11,0,4,12,7,0,14,0,51,High Risk
S0521,3.01,74.54,4,2.9,0,64.88,25.78,4,70.56,1,6,15,8,1,18,0,31,Moderate Risk
S0065,3.69,87.15,4,3.52,0,92.87,13.15,4,77.57,2,7,23,8,0,38,0,10,Low Risk
S0015,3.64,89.89,4,3.43,0,85.36,3.4,10,79.36,2,7,37,8,0,25,0,5,Low Risk
S1065,1.92,73.04,5,2.34,1,30.6,43.53,3,59.28,0,4,12,6,1,20,1,73,High Risk
S0493,3.02,76.1,1,2.43,1,60.09,21.67,2,73.15,2,5,12,8,0,31,0,33,Moderate Risk
S0380,3.18,86.32,2,3.36,0,91.45,8.68,7,84.01,2,7,27,8,0,27,0,10,Low Risk
S0188,3.0,89.5,6,3.53,0,71.93,13.16,5,91.7,2,5,43,10,0,37,0,12,Low Risk
S0764,2.64,71.5,8,2.62,2,67.42,26.92,4,67.54,0,6,22,6,1,33,0,52,High Risk
S0217,3.16,88.99,6,3.16,0,84.29,3.39,4,80.48,1,7,40,10,0,39,0,5,Low Risk
S0792,2.04,65.79,5,1.64,3,51.69,46.11,2,35.85,1,4,5,4,1,16,1,76,Extreme Risk
S1077,2.26,62.73,5,1.96,1,33.34,52.53,1,59.88,1,4,15,5,2,22,1,66,High Risk
S0879,2.09,77.28,1,1.73,2,54.95,52.4,0,57.74,0,3,17,4,1,16,1,63,High Risk
S0338,3.69,90.95,4,3.46,0,86.05,1.23,7,81.77,1,6,28,9,0,21,0,5,Low Risk
S0720,2.36,82.61,6,2.5,1,64.58,33.18,2,74.9,0,6,20,8,0,14,1,51,High Risk
S0296,3.83,91.24,2,3.38,0,84.07,4.03,5,76.87,2,7,24,9,0,39,0,5,Low Risk
S1017,1.84,68.47,2,2.57,2,50.82,49.19,1,40.52,1,2,14,4,1,10,0,82,Extreme Risk
S0456,2.37,82.45,2,2.64,0,52.58,26.7,3,76.93,1,4,20,5,0,32,0,44,Moderate Risk
S0816,2.17,63.8,7,2.8,2,42.06,44.39,2,54.49,0,4,15,4,2,27,0,73,High Risk
S0270,3.25,91.22,7,2.8,0,74.81,10.1,8,93.05,1,7,32,8,0,37,0,10,Low Risk
S0996,2.56,60.33,3,2.09,3,35.21,35.58,0,45.34,0,2,14,3,1,23,1,76,Extreme Risk
S0202,3.32,87.14,8,2.94,0,98.4,5.1,5,91.15,2,7,34,10,0,25,0,10,Low Risk
S0162,3.26,94.95,6,3.19,0,70.1,9.29,7,79.53,1,5,42,10,0,18,0,12,Low Risk
S0730,2.87,81.72,8,2.72,0,64.02,19.57,4,60.04,0,5,18,8,0,33,1,33,Moderate Risk
S0402,3.42,92.56,2,3.37,0,81.8,8.17,10,89.81,2,6,48,8,0,19,0,10,Low Risk
S0703,3.2,80.94,6,2.76,0,60.74,26.09,5,71.13,1,4,20,5,0,27,0,29,Moderate Risk
S1130,1.76,63.08,7,1.8,3,14.14,77.33,0,35.27,0,3,7,4,1,14,1,90,Extreme Risk
S0566,2.61,74.91,6,2.03,0,70.07,19.94,2,65.1,1,6,19,7,0,25,0,35,Moderate Risk
S1022,1.8,75.77,2,2.01,2,55.94,47.37,3,64.48,1,4,5,6,0,23,0,70,High Risk
S1026,2.11,66.86,7,2.4,1,44.07,51.85,1,62.73,1,3,15,6,1,10,1,66,High Risk
S1105,1.66,48.78,7,1.92,2,23.34,77.22,1,29.39,0,2,11,4,2,19,1,94,Extreme Risk
S0206,4.0,87.53,5,2.8,0,83.21,4.53,8,79.87,1,6,50,8,0,26,0,5,Low Risk
S0035,3.52,95.15,4,3.26,0,88.96,6.73,6,90.06,2,5,23,8,0,37,0,12,Low Risk
S0776,2.68,84.94,7,2.19,1,53.11,26.59,4,62.8,2,6,15,8,0,26,0,38,Moderate Risk
S0509,3.12,85.29,7,3.08,1,64.07,30.24,4,64.6,1,4,10,6,0,21,0,35,Moderate Risk
S1184,2.0,45.34,6,1.45,3,14.24,56.44,2,24.62,0,0,5,4,2,20,1,93,Extreme Risk
S0092,3.35,98.19,6,3.05,0,97.11,14.84,10,99.78,1,5,50,9,0,35,0,12,Low Risk
S0898,2.52,62.11,6,2.12,2,41.52,36.72,0,37.28,1,2,9,6,0,12,0,70,High Risk
S0565,2.58,80.63,3,2.79,1,53.77,33.65,2,72.21,1,5,10,5,0,19,1,45,Moderate Risk
S0777,2.3,78.48,5,2.44,2,70.88,17.95,2,78.67,1,6,16,8,0,16,1,50,High Risk
S0242,3.13,98.41,7,2.9,0,82.03,11.45,10,86.91,2,5,48,8,0,30,0,12,Low Risk
S0014,3.63,96.42,3,2.96,0,94.09,7.05,5,90.84,2,5,28,10,0,20,0,12,Low Risk
S0316,3.25,90.13,1,3.15,0,94.67,2.6,8,88.29,1,7,45,9,0,28,0,5,Low Risk
S0601,2.91,83.89,4,2.49,2,54.17,15.93,5,60.96,2,6,16,7,0,15,1,45,Moderate Risk
S0388,3.28,96.75,7,3.51,0,91.15,11.13,9,81.31,3,6,32,10,0,15,0,10,Low Risk
S0167,3.26,98.09,5,2.82,0,84.43,6.53,8,92.65,2,6,26,10,0,32,0,10,Low Risk
S0841,2.58,62.75,1,1.5,2,33.96,53.9,2,50.43,0,4,8,6,1,13,1,65,High Risk
S0021,3.33,85.23,8,3.51,0,86.58,8.58,7,96.33,1,5,42,8,0,17,0,12,Low Risk
S0647,2.49,73.44,3,2.64,2,52.77,23.12,3,61.38,0,6,18,6,1,31,1,60,High Risk
S1155,1.63,47.32,7,1.94,2,24.23,80.3,1,32.18,0,0,6,1,1,19,1,94,Extreme Risk
S0832,1.99,72.57,5,2.8,1,56.66,36.75,2,44.03,1,2,16,4,1,11,1,75,Extreme Risk
S0563,3.16,70.38,8,2.84,0,51.96,22.13,5,60.7,1,5,24,7,1,19,0,33,Moderate Risk
S1171,2.13,53.92,5,1.37,3,10.73,53.62,2,24.54,0,3,5,0,1,9,1,88,Extreme Risk
S0687,2.49,87.24,2,2.44,0,59.63,29.79,3,67.3,0,4,23,8,0,31,0,38,Moderate Risk
S0958,2.7,74.12,6,1.64,2,51.74,31.49,2,38.93,1,4,5,6,0,18,0,62,High Risk
S0190,3.69,98.18,1,3.45,0,90.83,1.23,9,85.86,2,5,38,9,0,34,0,7,Low Risk
S0976,1.95,67.14,5,2.09,1,33.03,49.81,2,46.28,0,3,10,6,1,26,0,73,High Risk
S0700,2.58,71.95,5,2.9,0,54.28,28.35,5,58.69,1,4,17,8,0,23,0,43,Moderate Risk
S0511,2.53,77.98,3,2.99,0,59.07,27.02,4,64.04,1,5,22,5,0,28,0,33,Moderate Risk
S1083,1.83,64.69,6,1.9,3,41.45,56.67,2,24.29,0,2,7,0,2,17,1,91,Extreme Risk
S0475,2.35,73.0,4,3.15,0,51.36,15.37,3,56.42,0,6,11,8,0,25,0,46,Moderate Risk
S0857,2.11,76.0,5,2.04,3,41.97,41.2,1,47.32,1,4,7,4,1,15,0,72,High Risk
S0748,2.46,86.47,5,2.74,0,56.05,22.97,2,68.0,1,5,11,7,0,16,1,35,Moderate Risk
S0253,3.34,99.03,2,3.16,0,97.18,0.18,7,79.67,1,5,30,8,0,26,0,7,Low Risk
S0022,3.46,99.04,2,2.93,0,72.11,3.13,10,99.75,1,7,29,9,0,40,0,5,Low Risk
S0460,2.38,86.71,2,2.0,0,59.95,33.63,4,79.31,1,5,14,6,1,32,0,40,Moderate Risk
S0277,3.32,93.13,4,3.58,0,86.37,14.73,5,84.39,3,7,39,8,0,24,0,10,Low Risk
S0956,1.83,69.67,5,1.83,1,32.68,31.97,0,53.5,1,3,14,3,1,14,1,73,High Risk
S0386,3.48,89.54,5,3.36,0,93.55,4.11,9,92.26,3,5,49,8,0,37,0,7,Low Risk
S0806,2.06,70.63,2,1.72,1,55.95,44.07,0,42.12,0,2,6,6,0,24,1,68,High Risk
S0344,3.24,94.96,6,3.04,0,94.18,8.88,7,89.1,2,6,33,9,0,19,0,10,Low Risk
S0770,2.89,84.29,5,2.83,1,67.0,31.62,2,73.57,1,5,12,8,0,17,1,45,Moderate Risk
S0131,3.54,86.68,5,2.8,0,94.58,13.26,4,94.84,2,6,44,8,0,24,0,10,Low Risk
S0872,2.56,70.74,5,1.91,1,30.13,36.85,2,54.61,0,4,15,5,2,17,1,58,High Risk
S1124,1.61,45.76,8,1.21,3,33.92,81.21,0,26.46,0,2,10,0,3,9,1,96,Extreme Risk
S0088,3.0,86.81,2,3.45,0,85.91,6.62,10,76.63,1,5,23,8,0,36,0,12,Low Risk
S0331,3.3,91.27,1,3.2,0,91.73,10.36,9,77.51,1,6,22,9,0,24,0,10,Low Risk
S0467,2.6,86.58,8,2.6,1,72.79,17.93,2,61.33,2,6,18,6,0,26,0,29,Moderate Risk
S0122,3.21,98.02,6,3.87,0,89.85,14.68,6,92.08,2,5,45,10,0,22,0,12,Low Risk
S1045,2.46,65.44,8,1.9,1,33.7,50.14,2,48.94,0,2,10,4,0,19,0,71,High Risk
S1096,1.77,57.24,1,1.63,4,22.66,82.64,2,29.67,0,0,10,0,1,11,1,100,Extreme Risk
S1131,1.28,63.39,6,1.73,2,18.74,68.75,0,35.08,0,1,1,4,2,9,1,89,Extreme Risk
S0861,2.7,77.82,7,2.35,2,57.57,47.14,1,53.23,0,2,12,3,0,24,1,60,High Risk
S1127,1.71,63.28,6,1.73,4,30.87,62.05,0,37.38,0,0,7,1,3,19,1,91,Extreme Risk
